-- phpMyAdmin SQL Dump
-- version 3.5.8.2
-- http://www.phpmyadmin.net
--
-- Client: sql302.byethost4.com
-- Généré le: Mar 19 Septembre 2017 à 08:55
-- Version du serveur: 5.6.35-81.0
-- Version de PHP: 5.3.3

SET SQL_MODE="NO_AUTO_VALUE_ON_ZERO";
SET time_zone = "+00:00";


/*!40101 SET @OLD_CHARACTER_SET_CLIENT=@@CHARACTER_SET_CLIENT */;
/*!40101 SET @OLD_CHARACTER_SET_RESULTS=@@CHARACTER_SET_RESULTS */;
/*!40101 SET @OLD_COLLATION_CONNECTION=@@COLLATION_CONNECTION */;
/*!40101 SET NAMES utf8 */;

--
-- Base de données: `b4_20588440_agents_db`
--

-- --------------------------------------------------------

--
-- Structure de la table `agent`
--

CREATE TABLE IF NOT EXISTS `agent` (
  `id` int(11) NOT NULL AUTO_INCREMENT,
  `nom` varchar(30) COLLATE utf8_unicode_ci NOT NULL,
  `prenom` varchar(30) COLLATE utf8_unicode_ci NOT NULL,
  `telephone` varchar(20) COLLATE utf8_unicode_ci NOT NULL,
  `type_contrat` varchar(5) COLLATE utf8_unicode_ci NOT NULL,
  `date_embauche` date NOT NULL,
  `etat` varchar(10) COLLATE utf8_unicode_ci NOT NULL,
  PRIMARY KEY (`id`)
) ENGINE=MyISAM  DEFAULT CHARSET=utf8 COLLATE=utf8_unicode_ci AUTO_INCREMENT=29 ;

--
-- Contenu de la table `agent`
--

INSERT INTO `agent` (`id`, `nom`, `prenom`, `telephone`, `type_contrat`, `date_embauche`, `etat`) VALUES
(1, 'AKHMADOV', 'Vakhid', '00', 'CDD', '2017-09-14', '1'),
(2, 'BELLGUY', 'Laurent', '000', 'CDI', '2013-08-05', '1'),
(3, 'BOUHALASS', 'Houari', '00', 'CDD', '2017-09-14', '1'),
(4, 'BOUIKSAIN', 'Younes', '00', 'CDD', '2017-09-14', '1'),
(5, 'CHACUN', 'Mathilde', '00', 'CDD', '2017-09-14', '1'),
(6, 'EL AFGHANI', 'Abdel', '000', 'CDI', '2016-12-09', '1'),
(7, 'EL HAJIRI', 'Ouijdane', '00', 'CDD', '2017-09-14', '1'),
(8, 'FLORES VAZ', 'Sergio', '00', 'CDI', '2017-07-15', '1'),
(9, 'GUERREIRO', 'Swan', '00', 'CDI', '2015-10-02', '1'),
(10, 'HOUAGNON VAN LOON', 'Sédami Anatole', '0650380274', 'CDI', '2005-11-04', '1'),
(11, 'JABA', 'Elias', '00', 'CDD', '2017-09-14', '1'),
(12, 'KRAMARTZ', 'Patrice', '00', 'CDI', '2013-04-30', '1'),
(13, 'LOUBANE', 'Hakim', '00', 'CDD', '2017-09-14', '1'),
(14, 'MARGOT', 'Romain', '00', 'CDD', '2017-09-14', '1'),
(15, 'MERABET', 'Farid', '00', 'CDD', '2017-09-14', '1'),
(16, 'MILAUD', 'Said', '00', 'CDD', '2017-09-14', '1'),
(17, 'MUZAYEV', 'Amkhad', '00', 'CDD', '2017-09-14', '1'),
(18, 'OUHHABI', 'Mohammed', '00', 'CDD', '2017-09-14', '1'),
(19, 'OUKACI', 'Yazid', '00', 'CDD', '2017-09-14', '1'),
(20, 'RACHIK', 'Yassine', '00', 'CDD', '2017-09-14', '1'),
(21, 'SAADAOUI', 'Mohamed El Hadi', '00', 'CDI', '2016-06-03', '1'),
(22, 'SARITAS', 'Hasan', '00', 'CDD', '2017-09-14', '1'),
(23, 'SOULHOL', 'Romain', '00', 'CDD', '2017-09-14', '1'),
(24, 'TACHANOV', 'Kanpacha', '000', 'CDI', '2016-08-05', '1'),
(25, 'TOURE', 'Sekou', '00', 'CDD', '2017-09-14', '1'),
(26, 'VIGUIER', 'India', '00', 'CDD', '2017-09-14', '1'),
(27, 'RAMASSAMY', 'Jean Pierre', '00', 'CDD', '2017-09-14', '1'),
(28, 'MELAYERS', 'Margaux', '000', 'CDI', '2014-10-02', '1');

-- --------------------------------------------------------

--
-- Structure de la table `contrat_agent`
--

CREATE TABLE IF NOT EXISTS `contrat_agent` (
  `id` int(11) NOT NULL AUTO_INCREMENT,
  `agent_id` int(11) DEFAULT NULL,
  `date_debut` date NOT NULL,
  `date_fin` date NOT NULL,
  `etat` varchar(10) COLLATE utf8_unicode_ci NOT NULL,
  PRIMARY KEY (`id`),
  KEY `IDX_DCC9F55B3414710B` (`agent_id`)
) ENGINE=MyISAM  DEFAULT CHARSET=utf8 COLLATE=utf8_unicode_ci AUTO_INCREMENT=29 ;

--
-- Contenu de la table `contrat_agent`
--

INSERT INTO `contrat_agent` (`id`, `agent_id`, `date_debut`, `date_fin`, `etat`) VALUES
(1, 1, '2017-06-21', '2017-10-10', '1'),
(2, 2, '2013-08-05', '2013-08-05', '1'),
(3, 3, '2016-03-16', '2017-09-10', '1'),
(4, 4, '2017-03-10', '2017-11-10', '1'),
(5, 5, '2017-04-04', '2017-11-10', '1'),
(6, 6, '2016-12-09', '2016-12-09', '1'),
(7, 7, '2017-06-21', '2017-10-10', '1'),
(8, 8, '2017-07-15', '2017-07-15', '1'),
(9, 9, '2015-10-02', '2015-10-02', '1'),
(10, 10, '2005-11-04', '2005-11-04', '1'),
(11, 11, '2017-06-19', '2017-10-10', '1'),
(12, 12, '2013-04-30', '2013-04-30', '1'),
(13, 13, '2016-06-09', '2017-12-10', '1'),
(14, 14, '2016-12-04', '2018-01-10', '1'),
(15, 15, '2017-06-01', '2017-10-10', '1'),
(16, 16, '2016-07-22', '2018-01-10', '1'),
(17, 17, '2017-05-25', '2018-01-10', '1'),
(18, 18, '2017-06-21', '2017-10-10', '1'),
(19, 19, '2017-02-03', '2017-09-14', '1'),
(20, 20, '2017-01-19', '2017-09-14', '1'),
(21, 21, '2016-06-03', '2016-06-03', '1'),
(22, 22, '2017-04-25', '2017-09-10', '1'),
(23, 23, '2016-07-14', '2018-01-10', '1'),
(24, 24, '2016-08-05', '2016-08-05', '1'),
(25, 25, '2016-12-03', '2016-09-10', '1'),
(26, 26, '2017-05-06', '2017-09-10', '1'),
(27, 27, '2017-09-01', '2017-06-10', '1'),
(28, 28, '2014-10-02', '2014-10-02', '1');

-- --------------------------------------------------------

--
-- Structure de la table `contrat_site`
--

CREATE TABLE IF NOT EXISTS `contrat_site` (
  `id` int(11) NOT NULL AUTO_INCREMENT,
  `site_id` int(11) DEFAULT NULL,
  `date_debut` date NOT NULL,
  `date_fin` date NOT NULL,
  `etat` varchar(10) COLLATE utf8_unicode_ci NOT NULL,
  PRIMARY KEY (`id`),
  KEY `IDX_2417ACFAF6BD1646` (`site_id`)
) ENGINE=MyISAM  DEFAULT CHARSET=utf8 COLLATE=utf8_unicode_ci AUTO_INCREMENT=17 ;

--
-- Contenu de la table `contrat_site`
--

INSERT INTO `contrat_site` (`id`, `site_id`, `date_debut`, `date_fin`, `etat`) VALUES
(1, 1, '2017-09-07', '2017-09-07', '1'),
(2, 2, '2017-09-07', '2017-09-07', '1'),
(3, 3, '2017-09-07', '2017-09-07', '1'),
(4, 4, '2017-09-07', '2017-09-07', '1'),
(5, 5, '2017-09-07', '2017-09-07', '1'),
(6, 6, '2017-09-07', '2017-09-07', '1'),
(7, 7, '2017-09-07', '2017-09-07', '1'),
(8, 8, '2017-09-13', '2017-09-13', '1'),
(9, 9, '2017-09-13', '2017-09-13', '1'),
(10, 10, '2017-09-13', '2017-09-13', '1'),
(11, 11, '2017-09-13', '2017-09-13', '1'),
(12, 12, '2017-09-13', '2017-09-13', '1'),
(13, 13, '2017-09-13', '2017-09-13', '1'),
(14, 14, '2017-09-13', '2017-09-13', '1'),
(15, 15, '2017-09-13', '2017-09-13', '1'),
(16, 16, '2017-09-13', '2017-09-13', '1');

-- --------------------------------------------------------

--
-- Structure de la table `heure_panier`
--

CREATE TABLE IF NOT EXISTS `heure_panier` (
  `id` int(11) NOT NULL AUTO_INCREMENT,
  `libelle` varchar(30) COLLATE utf8_unicode_ci DEFAULT NULL,
  `heure_debut` time DEFAULT NULL,
  `heure_fin` time DEFAULT NULL,
  PRIMARY KEY (`id`)
) ENGINE=MyISAM  DEFAULT CHARSET=utf8 COLLATE=utf8_unicode_ci AUTO_INCREMENT=4 ;

--
-- Contenu de la table `heure_panier`
--

INSERT INTO `heure_panier` (`id`, `libelle`, `heure_debut`, `heure_fin`) VALUES
(1, 'HEURE JOUR', '06:00:00', '21:00:00'),
(2, 'HEURE NUIT', '21:00:00', '06:00:00'),
(3, 'HEURE DE DIMANCHE', '00:00:00', '00:00:00');

-- --------------------------------------------------------

--
-- Structure de la table `operation`
--

CREATE TABLE IF NOT EXISTS `operation` (
  `id` int(11) NOT NULL AUTO_INCREMENT,
  `agent_id` int(11) DEFAULT NULL,
  `site_id` int(11) DEFAULT NULL,
  `libelle` varchar(30) COLLATE utf8_unicode_ci NOT NULL,
  `date_heure` datetime NOT NULL,
  `auteur` varchar(60) COLLATE utf8_unicode_ci NOT NULL,
  `type_operation` smallint(6) NOT NULL,
  PRIMARY KEY (`id`),
  KEY `IDX_1981A66D3414710B` (`agent_id`),
  KEY `IDX_1981A66DF6BD1646` (`site_id`)
) ENGINE=MyISAM  DEFAULT CHARSET=utf8 COLLATE=utf8_unicode_ci AUTO_INCREMENT=32 ;

--
-- Contenu de la table `operation`
--

INSERT INTO `operation` (`id`, `agent_id`, `site_id`, `libelle`, `date_heure`, `auteur`, `type_operation`) VALUES
(1, 1, NULL, 'Enregistrement', '2017-09-14 04:58:59', 'admin', 1),
(2, 2, NULL, 'Enregistrement', '2017-09-14 05:02:13', 'admin', 1),
(3, 3, NULL, 'Enregistrement', '2017-09-14 05:09:07', 'admin', 1),
(4, 4, NULL, 'Enregistrement', '2017-09-14 05:10:07', 'admin', 1),
(5, 5, NULL, 'Enregistrement', '2017-09-14 05:10:45', 'admin', 1),
(6, 6, NULL, 'Enregistrement', '2017-09-14 05:11:22', 'admin', 1),
(7, 7, NULL, 'Enregistrement', '2017-09-14 05:12:02', 'admin', 1),
(8, 8, NULL, 'Enregistrement', '2017-09-14 05:12:40', 'admin', 1),
(9, 9, NULL, 'Enregistrement', '2017-09-14 05:13:23', 'admin', 1),
(10, 10, NULL, 'Enregistrement', '2017-09-14 05:14:26', 'admin', 1),
(11, 11, NULL, 'Enregistrement', '2017-09-14 05:14:59', 'admin', 1),
(12, 12, NULL, 'Enregistrement', '2017-09-14 05:15:48', 'admin', 1),
(13, 13, NULL, 'Enregistrement', '2017-09-14 05:16:22', 'admin', 1),
(14, 14, NULL, 'Enregistrement', '2017-09-14 05:17:27', 'admin', 1),
(15, 15, NULL, 'Enregistrement', '2017-09-14 05:18:32', 'admin', 1),
(16, 16, NULL, 'Enregistrement', '2017-09-14 05:20:41', 'admin', 1),
(17, 17, NULL, 'Enregistrement', '2017-09-14 05:21:19', 'admin', 1),
(18, 18, NULL, 'Enregistrement', '2017-09-14 05:22:00', 'admin', 1),
(19, 19, NULL, 'Enregistrement', '2017-09-14 05:22:49', 'admin', 1),
(20, 20, NULL, 'Enregistrement', '2017-09-14 05:23:26', 'admin', 1),
(21, 21, NULL, 'Enregistrement', '2017-09-14 05:24:12', 'admin', 1),
(22, 22, NULL, 'Enregistrement', '2017-09-14 05:25:44', 'admin', 1),
(23, 23, NULL, 'Enregistrement', '2017-09-14 05:26:30', 'admin', 1),
(24, 23, NULL, 'Modification', '2017-09-14 05:28:25', 'admin', 2),
(25, 24, NULL, 'Enregistrement', '2017-09-14 05:29:22', 'admin', 1),
(26, 25, NULL, 'Enregistrement', '2017-09-14 05:30:08', 'admin', 1),
(27, 26, NULL, 'Enregistrement', '2017-09-14 05:31:16', 'admin', 1),
(28, 27, NULL, 'Enregistrement', '2017-09-14 05:37:46', 'admin', 1),
(29, NULL, 1, 'Modification', '2017-09-14 05:39:24', 'admin', 2),
(30, NULL, 1, 'Modification', '2017-09-14 06:34:01', 'admin', 2),
(31, 28, NULL, 'Enregistrement', '2017-09-14 11:36:19', 'admin', 1);

-- --------------------------------------------------------

--
-- Structure de la table `site`
--

CREATE TABLE IF NOT EXISTS `site` (
  `id` int(11) NOT NULL AUTO_INCREMENT,
  `nom_site` varchar(30) COLLATE utf8_unicode_ci NOT NULL,
  `etat` varchar(10) COLLATE utf8_unicode_ci NOT NULL,
  `heure_ouv_jour` time DEFAULT NULL,
  `heure_ferm_jour` time DEFAULT NULL,
  `heure_ouv_nuit` time DEFAULT NULL,
  `heure_ferm_nuit` time DEFAULT NULL,
  PRIMARY KEY (`id`)
) ENGINE=MyISAM  DEFAULT CHARSET=utf8 COLLATE=utf8_unicode_ci AUTO_INCREMENT=17 ;

--
-- Contenu de la table `site`
--

INSERT INTO `site` (`id`, `nom_site`, `etat`, `heure_ouv_jour`, `heure_ferm_jour`, `heure_ouv_nuit`, `heure_ferm_nuit`) VALUES
(1, 'ACC', '1', '19:45:00', '05:15:00', NULL, NULL),
(2, 'RENOVA', '1', '08:00:00', '20:00:00', '20:00:00', '08:00:00'),
(3, 'BURGER KING', '1', '18:00:00', '00:30:00', '12:30:00', '08:00:00'),
(4, 'IKO', '1', NULL, NULL, '21:30:00', '03:00:00'),
(5, 'ROCKWOOL', '1', '06:30:00', '18:30:00', '18:30:00', '06:30:00'),
(9, 'T2C Rondier', '1', '00:45:00', '04:15:00', NULL, NULL),
(8, 'T2C PCC', '1', '01:00:00', '04:05:00', NULL, NULL),
(10, 'T2C Lagalaye', '1', '08:15:00', '18:15:00', NULL, NULL),
(11, 'HOTEL Les Lauréades', '1', NULL, NULL, NULL, NULL),
(12, 'Hautel Les lauréades 18h', '0', '18:00:00', '19:00:00', NULL, NULL),
(13, 'HOTEL Les Lauréades 18 h', '0', '18:00:00', '19:00:00', NULL, NULL),
(14, 'HOTEL Les Lauréades 20 h', '0', '20:00:00', '21:00:00', NULL, NULL),
(15, 'Prodomo HOTEL DIEU', '1', NULL, NULL, NULL, NULL),
(16, 'DREAL rondes', '1', NULL, NULL, NULL, NULL);

-- --------------------------------------------------------

--
-- Structure de la table `vacation`
--

CREATE TABLE IF NOT EXISTS `vacation` (
  `id` int(11) NOT NULL AUTO_INCREMENT,
  `agent_id` int(11) DEFAULT NULL,
  `site_id` int(11) DEFAULT NULL,
  `date_vacation` date NOT NULL,
  `heure_panier` smallint(6) NOT NULL,
  `heure_deb_vac` datetime NOT NULL,
  `heure_fin_vac` datetime DEFAULT NULL,
  `etat` varchar(10) COLLATE utf8_unicode_ci NOT NULL,
  `heure_jour` varchar(255) COLLATE utf8_unicode_ci NOT NULL,
  `heure_nuit` varchar(255) COLLATE utf8_unicode_ci NOT NULL,
  `heure_dimanche` varchar(255) COLLATE utf8_unicode_ci NOT NULL,
  `heure_ferie` varchar(255) COLLATE utf8_unicode_ci NOT NULL,
  PRIMARY KEY (`id`),
  KEY `IDX_E3DADF753414710B` (`agent_id`),
  KEY `IDX_E3DADF75F6BD1646` (`site_id`)
) ENGINE=MyISAM  DEFAULT CHARSET=utf8 COLLATE=utf8_unicode_ci AUTO_INCREMENT=59 ;

--
-- Contenu de la table `vacation`
--

INSERT INTO `vacation` (`id`, `agent_id`, `site_id`, `date_vacation`, `heure_panier`, `heure_deb_vac`, `heure_fin_vac`, `etat`, `heure_jour`, `heure_nuit`, `heure_dimanche`, `heure_ferie`) VALUES
(1, 7, 1, '2017-09-01', 1, '2017-09-01 19:45:00', '2017-09-02 07:15:00', '1', '02:30', '09:00', '00:00', '00:00'),
(2, 7, 1, '2017-09-02', 1, '2017-09-02 19:15:00', '2017-09-03 07:15:00', '1', '03:00', '09:00', '07:15', '00:00'),
(3, 10, 1, '2017-09-06', 1, '2017-09-06 19:45:00', '2017-09-07 05:15:00', '1', '01:15', '08:15', '00:00', '00:00'),
(4, 27, 1, '2017-09-02', 1, '2017-09-02 07:15:00', '2017-09-02 19:15:00', '1', '12:00', '00:00', '00:00', '00:00'),
(5, 27, 1, '2017-09-03', 1, '2017-09-03 07:15:00', '2017-09-03 19:15:00', '1', '12:00', '00:00', '12:00', '00:00'),
(6, 10, 1, '2017-09-12', 1, '2017-09-12 19:45:00', '2017-09-13 05:15:00', '1', '01:15', '08:15', '00:00', '00:00'),
(7, 27, 1, '2017-09-04', 1, '2017-09-04 19:45:00', '2017-09-05 05:15:00', '1', '01:15', '08:15', '00:00', '00:00'),
(8, 10, 1, '2017-09-05', 1, '2017-09-05 19:45:00', '2017-09-06 05:15:00', '1', '01:15', '08:15', '00:00', '00:00'),
(9, 10, 1, '2017-09-07', 1, '2017-09-07 19:45:00', '2017-09-08 05:15:00', '1', '01:15', '08:15', '00:00', '00:00'),
(10, 7, 1, '2017-09-08', 1, '2017-09-08 19:45:00', '2017-09-09 07:15:00', '1', '02:30', '09:00', '00:00', '00:00'),
(11, 27, 1, '2017-09-09', 1, '2017-09-09 07:15:00', '2017-09-09 19:15:00', '1', '12:00', '00:00', '00:00', '00:00'),
(12, 7, 1, '2017-09-09', 1, '2017-09-09 19:15:00', '2017-09-10 07:15:00', '1', '03:00', '09:00', '07:15', '00:00'),
(13, 27, 1, '2017-09-10', 1, '2017-09-10 07:15:00', '2017-09-10 19:15:00', '1', '12:00', '00:00', '12:00', '00:00'),
(14, 7, 1, '2017-09-03', 1, '2017-09-03 19:15:00', '2017-09-04 07:15:00', '1', '03:00', '09:00', '04:45', '00:00'),
(15, 9, 2, '2017-09-01', 1, '2017-09-01 08:00:00', '2017-09-01 20:00:00', '1', '12:00', '00:00', '00:00', '00:00'),
(16, 28, 1, '2017-09-01', 1, '2017-09-01 20:00:00', '2017-09-02 08:00:00', '0', '03:00', '09:00', '00:00', '00:00'),
(17, 28, 2, '2017-09-01', 1, '2017-09-01 20:00:00', '2017-09-02 08:00:00', '1', '03:00', '09:00', '00:00', '00:00'),
(18, 9, 2, '2017-09-02', 1, '2017-09-02 08:00:00', '2017-09-02 20:00:00', '1', '12:00', '00:00', '00:00', '00:00'),
(19, 28, 2, '2017-09-02', 1, '2017-09-02 20:00:00', '2017-09-03 08:00:00', '1', '03:00', '09:00', '08:00', '00:00'),
(20, 8, 2, '2017-09-03', 1, '2017-09-03 08:00:00', '2017-09-03 20:00:00', '1', '12:00', '00:00', '12:00', '00:00'),
(21, 21, 2, '2017-09-03', 1, '2017-09-03 20:00:00', '2017-09-04 08:00:00', '1', '03:00', '09:00', '04:00', '00:00'),
(22, 28, 2, '2017-09-04', 1, '2017-09-04 08:00:00', '2017-09-04 20:00:00', '1', '12:00', '00:00', '00:00', '00:00'),
(23, 21, 2, '2017-09-04', 1, '2017-09-04 20:00:00', '2017-09-05 08:00:00', '1', '03:00', '09:00', '00:00', '00:00'),
(24, 28, 2, '2017-09-05', 1, '2017-09-05 08:00:00', '2017-09-05 20:00:00', '1', '12:00', '00:00', '00:00', '00:00'),
(25, 21, 2, '2017-09-05', 1, '2017-09-05 20:00:00', '2017-09-06 08:00:00', '1', '03:00', '09:00', '00:00', '00:00'),
(26, 28, 2, '2017-09-06', 1, '2017-09-06 08:00:00', '2017-09-06 20:00:00', '1', '12:00', '00:00', '00:00', '00:00'),
(27, 21, 2, '2017-09-06', 1, '2017-09-06 20:00:00', '2017-09-07 08:00:00', '1', '03:00', '09:00', '00:00', '00:00'),
(28, 28, 2, '2017-09-07', 1, '2017-09-07 08:00:00', '2017-09-07 20:00:00', '1', '12:00', '00:00', '00:00', '00:00'),
(29, 21, 2, '2017-09-07', 1, '2017-09-07 20:00:00', '2017-09-08 08:00:00', '1', '03:00', '09:00', '00:00', '00:00'),
(30, 28, 2, '2017-09-08', 1, '2017-09-08 08:00:00', '2017-09-08 20:00:00', '1', '12:00', '00:00', '00:00', '00:00'),
(31, 21, 2, '2017-09-08', 1, '2017-09-08 20:00:00', '2017-09-09 08:00:00', '1', '03:00', '09:00', '00:00', '00:00'),
(32, 28, 2, '2017-09-09', 1, '2017-09-09 08:00:00', '2017-09-09 20:00:00', '1', '12:00', '00:00', '00:00', '00:00'),
(33, 5, 2, '2017-09-09', 1, '2017-09-09 20:00:00', '2017-09-10 08:00:00', '1', '03:00', '09:00', '08:00', '00:00'),
(34, 8, 2, '2017-09-10', 1, '2017-09-10 08:00:00', '2017-09-10 20:00:00', '1', '12:00', '00:00', '12:00', '00:00'),
(35, 15, 1, '2017-09-11', 1, '2017-09-11 19:15:00', '2017-09-12 05:15:00', '1', '01:45', '08:15', '00:00', '00:00'),
(36, 7, 1, '2017-09-10', 1, '2017-09-10 19:15:00', '2017-09-11 05:15:00', '1', '01:45', '08:15', '04:45', '00:00'),
(37, 10, 1, '2017-09-13', 1, '2017-09-13 19:45:00', '2017-09-14 05:15:00', '1', '01:15', '08:15', '00:00', '00:00'),
(38, 10, 1, '2017-09-14', 1, '2017-09-14 19:15:00', '2017-09-15 05:15:00', '1', '01:45', '08:15', '00:00', '00:00'),
(39, 7, 1, '2017-09-15', 1, '2017-09-15 19:45:00', '2017-09-16 07:15:00', '1', '02:30', '09:00', '00:00', '00:00'),
(40, 15, 1, '2017-09-16', 1, '2017-09-16 07:15:00', '2017-09-16 19:15:00', '1', '12:00', '00:00', '00:00', '00:00'),
(41, 7, 1, '2017-09-16', 1, '2017-09-16 19:15:00', '2017-09-17 07:15:00', '1', '03:00', '09:00', '07:15', '00:00'),
(42, 15, 1, '2017-09-17', 1, '2017-09-17 07:15:00', '2017-09-17 19:15:00', '1', '12:00', '00:00', '12:00', '00:00'),
(43, 7, 1, '2017-09-17', 1, '2017-09-17 19:15:00', '2017-09-18 05:15:00', '1', '01:45', '08:15', '04:45', '00:00'),
(44, 15, 1, '2017-09-18', 1, '2017-09-18 19:45:00', '2017-09-19 05:15:00', '1', '01:15', '08:15', '00:00', '00:00'),
(45, 10, 1, '2017-09-19', 1, '2017-09-19 19:45:00', '2017-09-20 05:15:00', '1', '01:15', '08:15', '00:00', '00:00'),
(46, 10, 1, '2017-09-21', 1, '2017-09-21 19:45:00', '2017-09-22 05:15:00', '1', '01:15', '08:15', '00:00', '00:00'),
(47, 7, 1, '2017-09-22', 1, '2017-09-22 19:45:00', '2017-09-23 07:15:00', '1', '02:30', '09:00', '00:00', '00:00'),
(48, 15, 1, '2017-09-23', 1, '2017-09-23 07:15:00', '2017-09-23 19:15:00', '1', '12:00', '00:00', '00:00', '00:00'),
(49, 7, 1, '2017-09-23', 1, '2017-09-23 19:15:00', '2017-09-24 07:15:00', '1', '03:00', '09:00', '07:15', '00:00'),
(50, 7, 1, '2017-09-24', 1, '2017-09-24 19:15:00', '2017-09-25 05:15:00', '1', '01:45', '08:15', '04:45', '00:00'),
(51, 10, 1, '2017-09-26', 1, '2017-09-26 19:45:00', '2017-09-27 05:15:00', '1', '01:15', '08:15', '00:00', '00:00'),
(52, 10, 1, '2017-09-27', 1, '2017-09-27 19:45:00', '2017-09-28 05:15:00', '1', '01:15', '08:15', '00:00', '00:00'),
(53, 10, 1, '2017-09-28', 1, '2017-09-28 19:45:00', '2017-09-29 05:15:00', '1', '01:15', '08:15', '00:00', '00:00'),
(54, 7, 1, '2017-09-29', 1, '2017-09-29 19:45:00', '2017-09-30 07:15:00', '1', '02:30', '09:00', '00:00', '00:00'),
(55, 15, 1, '2017-09-30', 1, '2017-09-30 07:15:00', '2017-09-30 19:15:00', '1', '12:00', '00:00', '00:00', '00:00'),
(56, 7, 1, '2017-09-30', 1, '2017-09-30 19:45:00', '2017-10-01 07:15:00', '1', '02:30', '09:00', '07:15', '00:00'),
(57, 10, 1, '2017-09-20', 1, '2017-09-20 19:00:00', '2017-09-21 05:15:00', '1', '02:00', '08:15', '00:00', '00:00'),
(58, 15, 1, '2017-09-24', 1, '2017-09-24 07:15:00', '2017-09-24 19:15:00', '1', '12:00', '00:00', '12:00', '00:00');

/*!40101 SET CHARACTER_SET_CLIENT=@OLD_CHARACTER_SET_CLIENT */;
/*!40101 SET CHARACTER_SET_RESULTS=@OLD_CHARACTER_SET_RESULTS */;
/*!40101 SET COLLATION_CONNECTION=@OLD_COLLATION_CONNECTION */;
