-- phpMyAdmin SQL Dump
-- version 3.5.8.2
-- http://www.phpmyadmin.net
--
-- Client: sql302.byethost4.com
-- Généré le: Lun 02 Octobre 2017 à 06:14
-- Version du serveur: 5.6.35-81.0
-- Version de PHP: 5.3.3

SET SQL_MODE="NO_AUTO_VALUE_ON_ZERO";
SET time_zone = "+00:00";


/*!40101 SET @OLD_CHARACTER_SET_CLIENT=@@CHARACTER_SET_CLIENT */;
/*!40101 SET @OLD_CHARACTER_SET_RESULTS=@@CHARACTER_SET_RESULTS */;
/*!40101 SET @OLD_COLLATION_CONNECTION=@@COLLATION_CONNECTION */;
/*!40101 SET NAMES utf8 */;

--
-- Base de données: `b4_20588440_agents_db`
--

-- --------------------------------------------------------

--
-- Structure de la table `agent`
--

CREATE TABLE IF NOT EXISTS `agent` (
  `id` int(11) NOT NULL AUTO_INCREMENT,
  `nom` varchar(30) COLLATE utf8_unicode_ci NOT NULL,
  `prenom` varchar(30) COLLATE utf8_unicode_ci NOT NULL,
  `telephone` varchar(20) COLLATE utf8_unicode_ci NOT NULL,
  `type_contrat` varchar(5) COLLATE utf8_unicode_ci NOT NULL,
  `date_embauche` date NOT NULL,
  `etat` varchar(10) COLLATE utf8_unicode_ci NOT NULL,
  PRIMARY KEY (`id`)
) ENGINE=MyISAM  DEFAULT CHARSET=utf8 COLLATE=utf8_unicode_ci AUTO_INCREMENT=34 ;

--
-- Contenu de la table `agent`
--

INSERT INTO `agent` (`id`, `nom`, `prenom`, `telephone`, `type_contrat`, `date_embauche`, `etat`) VALUES
(1, 'AKHMADOV', 'Vakhid', '00', 'CDD', '2017-09-28', '1'),
(2, 'BELLEGY', 'Laurent', '000', 'CDI', '2013-08-05', '1'),
(3, 'BOUHALASS', 'Houari', '00', 'CDD', '2017-09-14', '0'),
(4, 'BOUIKSAIN', 'Younes', '00', 'CDD', '2017-09-14', '1'),
(5, 'CHACUN', 'Mathilde', '00', 'CDD', '2017-09-14', '1'),
(6, 'EL AFGHANI', 'Abdel', '000', 'CDI', '2016-12-09', '1'),
(7, 'EL HAJIRI', 'Ouijdane', '00', 'CDD', '2017-09-28', '1'),
(8, 'FLORES VAZ', 'Sergio', '00', 'CDI', '2017-07-15', '1'),
(9, 'GUERREIRO', 'Swan', '00', 'CDI', '2015-10-02', '1'),
(10, 'HOUAGNON VAN LOON', 'Sédami Anatole', '0650380274', 'CDI', '2005-11-04', '1'),
(11, 'JABA', 'Elias', '00', 'CDD', '2017-09-23', '1'),
(12, 'KRAMARZ', 'Patrice', '00', 'CDI', '2013-04-30', '1'),
(13, 'LOUBANE', 'Hakim', '00', 'CDD', '2017-09-14', '1'),
(14, 'MARGOT', 'Romain', '00', 'CDD', '2017-09-14', '1'),
(15, 'MERABET', 'Farid', '00', 'CDD', '2017-09-14', '1'),
(16, 'MILAUD', 'Said', '00', 'CDD', '2017-09-14', '1'),
(17, 'MUZAYEV', 'Amkhad', '00', 'CDD', '2017-09-14', '1'),
(18, 'OUHHABI', 'Mohammed', '00', 'CDD', '2017-09-23', '1'),
(19, 'OUKACI', 'Yazid', '00', 'CDD', '2017-09-14', '1'),
(20, 'RACHIK', 'Yassine', '00', 'CDD', '2017-09-22', '1'),
(21, 'SAADAOUI', 'Mohamed El Hadi', '00', 'CDI', '2016-06-03', '1'),
(22, 'SARITAS', 'Hasan', '00', 'CDD', '2017-09-14', '1'),
(23, 'SOULHOL', 'Romain', '00', 'CDD', '2017-09-14', '1'),
(24, 'TACHANOV', 'Kanpacha', '000', 'CDI', '2016-08-05', '1'),
(25, 'TOURE', 'Sekou', '00', 'CDD', '2017-09-22', '1'),
(26, 'VIGUIER', 'India', '00', 'CDD', '2017-09-25', '1'),
(27, 'RAMASSAMY', 'Jean Pierre', '00', 'CDD', '2017-09-21', '1'),
(28, 'MELAYERS', 'Margaux', '000', 'CDI', '2014-10-02', '1'),
(29, 'Shahinyan', 'Karen', '0677939350', 'CDI', '2012-12-17', '1'),
(30, 'ELMURZAEV', 'Lema', '0102030405', 'CDI', '2015-01-10', '1'),
(31, 'PELLETIER', 'Clara', '0663656296', 'CDD', '2017-09-22', '1'),
(32, 'DIOP', 'Moussa', '0789484888', 'CDD', '2017-09-23', '1'),
(33, 'STEUNOU', 'Alexia', '0672957844', 'CDD', '2017-09-23', '1');

-- --------------------------------------------------------

--
-- Structure de la table `contrat_agent`
--

CREATE TABLE IF NOT EXISTS `contrat_agent` (
  `id` int(11) NOT NULL AUTO_INCREMENT,
  `agent_id` int(11) DEFAULT NULL,
  `date_debut` date NOT NULL,
  `date_fin` date NOT NULL,
  `etat` varchar(10) COLLATE utf8_unicode_ci NOT NULL,
  PRIMARY KEY (`id`),
  KEY `IDX_DCC9F55B3414710B` (`agent_id`)
) ENGINE=MyISAM  DEFAULT CHARSET=utf8 COLLATE=utf8_unicode_ci AUTO_INCREMENT=34 ;

--
-- Contenu de la table `contrat_agent`
--

INSERT INTO `contrat_agent` (`id`, `agent_id`, `date_debut`, `date_fin`, `etat`) VALUES
(1, 1, '2017-06-21', '2018-03-10', '1'),
(2, 2, '2013-08-05', '2013-08-05', '1'),
(3, 3, '2016-03-16', '2017-09-10', '0'),
(4, 4, '2017-03-10', '2017-11-10', '1'),
(5, 5, '2017-04-04', '2017-11-10', '1'),
(6, 6, '2016-12-09', '2016-12-09', '1'),
(7, 7, '2017-06-21', '2018-03-10', '1'),
(8, 8, '2017-07-15', '2017-07-15', '1'),
(9, 9, '2015-10-02', '2015-10-02', '1'),
(10, 10, '2005-11-04', '2005-11-04', '1'),
(11, 11, '2017-06-19', '2017-12-31', '1'),
(12, 12, '2013-04-30', '2013-04-30', '1'),
(13, 13, '2016-06-09', '2017-12-10', '1'),
(14, 14, '2016-12-04', '2018-01-10', '1'),
(15, 15, '2017-06-01', '2017-10-10', '1'),
(16, 16, '2016-07-22', '2018-01-10', '1'),
(17, 17, '2017-05-25', '2018-01-10', '1'),
(18, 18, '2017-06-21', '2017-12-31', '1'),
(19, 19, '2017-02-03', '2017-09-14', '1'),
(20, 20, '2017-01-19', '2018-01-10', '1'),
(21, 21, '2016-06-03', '2016-06-03', '1'),
(22, 22, '2017-04-25', '2017-09-10', '1'),
(23, 23, '2016-07-14', '2018-01-10', '1'),
(24, 24, '2016-08-05', '2016-08-05', '1'),
(25, 25, '2016-12-03', '2017-12-31', '1'),
(26, 26, '2017-05-06', '2017-12-10', '1'),
(27, 27, '2017-09-01', '2018-06-10', '1'),
(28, 28, '2014-10-02', '2014-10-02', '1'),
(29, 29, '2012-12-17', '2012-12-17', '1'),
(30, 30, '2015-01-10', '2015-01-10', '1'),
(31, 31, '2017-10-01', '2018-04-01', '1'),
(32, 32, '2017-09-12', '2018-09-30', '1'),
(33, 33, '2017-10-01', '2018-03-31', '1');

-- --------------------------------------------------------

--
-- Structure de la table `contrat_site`
--

CREATE TABLE IF NOT EXISTS `contrat_site` (
  `id` int(11) NOT NULL AUTO_INCREMENT,
  `site_id` int(11) DEFAULT NULL,
  `date_debut` date NOT NULL,
  `date_fin` date NOT NULL,
  `etat` varchar(10) COLLATE utf8_unicode_ci NOT NULL,
  PRIMARY KEY (`id`),
  KEY `IDX_2417ACFAF6BD1646` (`site_id`)
) ENGINE=MyISAM  DEFAULT CHARSET=utf8 COLLATE=utf8_unicode_ci AUTO_INCREMENT=21 ;

--
-- Contenu de la table `contrat_site`
--

INSERT INTO `contrat_site` (`id`, `site_id`, `date_debut`, `date_fin`, `etat`) VALUES
(1, 1, '2017-09-07', '2017-09-07', '1'),
(2, 2, '2017-09-07', '2017-09-07', '1'),
(3, 3, '2017-09-07', '2017-09-07', '1'),
(4, 4, '2017-09-07', '2017-09-07', '1'),
(5, 5, '2017-09-07', '2017-09-07', '1'),
(6, 6, '2017-09-07', '2017-09-07', '1'),
(7, 7, '2017-09-07', '2017-09-07', '1'),
(8, 8, '2017-09-13', '2017-09-13', '1'),
(9, 9, '2017-09-13', '2017-09-13', '1'),
(10, 10, '2017-09-13', '2017-09-13', '1'),
(11, 11, '2017-09-13', '2017-09-13', '1'),
(12, 12, '2017-09-13', '2017-09-13', '1'),
(13, 13, '2017-09-13', '2017-09-13', '1'),
(14, 14, '2017-09-13', '2017-09-13', '1'),
(15, 15, '2017-09-13', '2017-09-13', '1'),
(16, 16, '2017-09-13', '2017-09-13', '1'),
(17, 17, '2017-09-27', '2017-09-27', '1'),
(18, 18, '2017-09-27', '2017-09-27', '1'),
(19, 19, '2017-09-29', '2017-09-29', '1'),
(20, 20, '2017-09-29', '2017-09-29', '1');

-- --------------------------------------------------------

--
-- Structure de la table `heure_panier`
--

CREATE TABLE IF NOT EXISTS `heure_panier` (
  `id` int(11) NOT NULL AUTO_INCREMENT,
  `libelle` varchar(30) COLLATE utf8_unicode_ci DEFAULT NULL,
  `heure_debut` time DEFAULT NULL,
  `heure_fin` time DEFAULT NULL,
  PRIMARY KEY (`id`)
) ENGINE=MyISAM  DEFAULT CHARSET=utf8 COLLATE=utf8_unicode_ci AUTO_INCREMENT=4 ;

--
-- Contenu de la table `heure_panier`
--

INSERT INTO `heure_panier` (`id`, `libelle`, `heure_debut`, `heure_fin`) VALUES
(1, 'HEURE JOUR', '06:00:00', '21:00:00'),
(2, 'HEURE NUIT', '21:00:00', '06:00:00'),
(3, 'HEURE DE DIMANCHE', '00:00:00', '00:00:00');

-- --------------------------------------------------------

--
-- Structure de la table `operation`
--

CREATE TABLE IF NOT EXISTS `operation` (
  `id` int(11) NOT NULL AUTO_INCREMENT,
  `agent_id` int(11) DEFAULT NULL,
  `site_id` int(11) DEFAULT NULL,
  `libelle` varchar(30) COLLATE utf8_unicode_ci NOT NULL,
  `date_heure` datetime NOT NULL,
  `auteur` varchar(60) COLLATE utf8_unicode_ci NOT NULL,
  `type_operation` smallint(6) NOT NULL,
  PRIMARY KEY (`id`),
  KEY `IDX_1981A66D3414710B` (`agent_id`),
  KEY `IDX_1981A66DF6BD1646` (`site_id`)
) ENGINE=MyISAM  DEFAULT CHARSET=utf8 COLLATE=utf8_unicode_ci AUTO_INCREMENT=60 ;

--
-- Contenu de la table `operation`
--

INSERT INTO `operation` (`id`, `agent_id`, `site_id`, `libelle`, `date_heure`, `auteur`, `type_operation`) VALUES
(1, 1, NULL, 'Enregistrement', '2017-09-14 04:58:59', 'admin', 1),
(2, 2, NULL, 'Enregistrement', '2017-09-14 05:02:13', 'admin', 1),
(3, 3, NULL, 'Enregistrement', '2017-09-14 05:09:07', 'admin', 1),
(4, 4, NULL, 'Enregistrement', '2017-09-14 05:10:07', 'admin', 1),
(5, 5, NULL, 'Enregistrement', '2017-09-14 05:10:45', 'admin', 1),
(6, 6, NULL, 'Enregistrement', '2017-09-14 05:11:22', 'admin', 1),
(7, 7, NULL, 'Enregistrement', '2017-09-14 05:12:02', 'admin', 1),
(8, 8, NULL, 'Enregistrement', '2017-09-14 05:12:40', 'admin', 1),
(9, 9, NULL, 'Enregistrement', '2017-09-14 05:13:23', 'admin', 1),
(10, 10, NULL, 'Enregistrement', '2017-09-14 05:14:26', 'admin', 1),
(11, 11, NULL, 'Enregistrement', '2017-09-14 05:14:59', 'admin', 1),
(12, 12, NULL, 'Enregistrement', '2017-09-14 05:15:48', 'admin', 1),
(13, 13, NULL, 'Enregistrement', '2017-09-14 05:16:22', 'admin', 1),
(14, 14, NULL, 'Enregistrement', '2017-09-14 05:17:27', 'admin', 1),
(15, 15, NULL, 'Enregistrement', '2017-09-14 05:18:32', 'admin', 1),
(16, 16, NULL, 'Enregistrement', '2017-09-14 05:20:41', 'admin', 1),
(17, 17, NULL, 'Enregistrement', '2017-09-14 05:21:19', 'admin', 1),
(18, 18, NULL, 'Enregistrement', '2017-09-14 05:22:00', 'admin', 1),
(19, 19, NULL, 'Enregistrement', '2017-09-14 05:22:49', 'admin', 1),
(20, 20, NULL, 'Enregistrement', '2017-09-14 05:23:26', 'admin', 1),
(21, 21, NULL, 'Enregistrement', '2017-09-14 05:24:12', 'admin', 1),
(22, 22, NULL, 'Enregistrement', '2017-09-14 05:25:44', 'admin', 1),
(23, 23, NULL, 'Enregistrement', '2017-09-14 05:26:30', 'admin', 1),
(24, 23, NULL, 'Modification', '2017-09-14 05:28:25', 'admin', 2),
(25, 24, NULL, 'Enregistrement', '2017-09-14 05:29:22', 'admin', 1),
(26, 25, NULL, 'Enregistrement', '2017-09-14 05:30:08', 'admin', 1),
(27, 26, NULL, 'Enregistrement', '2017-09-14 05:31:16', 'admin', 1),
(28, 27, NULL, 'Enregistrement', '2017-09-14 05:37:46', 'admin', 1),
(29, NULL, 1, 'Modification', '2017-09-14 05:39:24', 'admin', 2),
(30, NULL, 1, 'Modification', '2017-09-14 06:34:01', 'admin', 2),
(31, 28, NULL, 'Enregistrement', '2017-09-14 11:36:19', 'admin', 1),
(32, 29, NULL, 'Enregistrement', '2017-09-19 13:36:26', 'admin', 1),
(33, 30, NULL, 'Enregistrement', '2017-09-19 13:58:34', 'admin', 1),
(34, 27, NULL, 'Modification', '2017-09-21 10:21:34', 'admin', 2),
(35, 27, NULL, 'Modification', '2017-09-21 10:21:42', 'admin', 2),
(36, 27, NULL, 'Modification', '2017-09-21 10:23:55', 'admin', 2),
(37, 7, NULL, 'Modification', '2017-09-22 09:57:04', 'admin', 2),
(38, 25, NULL, 'Modification', '2017-09-22 15:08:45', 'admin', 2),
(39, 31, NULL, 'Enregistrement', '2017-09-22 15:12:10', 'admin', 1),
(40, 1, NULL, 'Modification', '2017-09-22 15:16:24', 'admin', 2),
(41, 20, NULL, 'Modification', '2017-09-22 16:03:14', 'admin', 2),
(42, 11, NULL, 'Modification', '2017-09-23 10:09:37', 'admin', 2),
(43, 32, NULL, 'Enregistrement', '2017-09-23 10:53:20', 'admin', 1),
(44, 33, NULL, 'Enregistrement', '2017-09-23 12:04:51', 'admin', 1),
(45, 18, NULL, 'Modification', '2017-09-23 12:10:41', 'admin', 2),
(46, 26, NULL, 'Modification', '2017-09-25 04:25:29', 'admin', 2),
(47, 7, NULL, 'Modification', '2017-09-25 12:50:06', 'admin', 2),
(48, 7, NULL, 'Modification', '2017-09-25 12:50:55', 'admin', 2),
(49, NULL, 17, 'Enregistrement', '2017-09-27 03:54:17', 'admin', 1),
(50, NULL, 18, 'Enregistrement', '2017-09-27 03:54:26', 'admin', 1),
(51, 7, NULL, 'Modification', '2017-09-28 06:44:08', 'admin', 2),
(52, 1, NULL, 'Modification', '2017-09-28 06:44:30', 'admin', 2),
(53, 3, NULL, 'Suppression', '2017-09-28 06:44:45', 'admin', 0),
(54, NULL, 8, 'Modification', '2017-09-28 12:27:20', 'admin', 2),
(55, NULL, 8, 'Modification', '2017-09-28 12:30:06', 'admin', 2),
(56, NULL, 19, 'Enregistrement', '2017-09-29 11:54:48', 'admin', 1),
(57, NULL, 20, 'Enregistrement', '2017-09-29 11:55:59', 'admin', 1),
(58, 12, NULL, 'Modification', '2017-09-30 07:36:43', 'admin', 2),
(59, 2, NULL, 'Modification', '2017-09-30 07:37:08', 'admin', 2);

-- --------------------------------------------------------

--
-- Structure de la table `site`
--

CREATE TABLE IF NOT EXISTS `site` (
  `id` int(11) NOT NULL AUTO_INCREMENT,
  `nom_site` varchar(30) COLLATE utf8_unicode_ci NOT NULL,
  `etat` varchar(10) COLLATE utf8_unicode_ci NOT NULL,
  `heure_ouv_jour` time DEFAULT NULL,
  `heure_ferm_jour` time DEFAULT NULL,
  `heure_ouv_nuit` time DEFAULT NULL,
  `heure_ferm_nuit` time DEFAULT NULL,
  PRIMARY KEY (`id`)
) ENGINE=MyISAM  DEFAULT CHARSET=utf8 COLLATE=utf8_unicode_ci AUTO_INCREMENT=21 ;

--
-- Contenu de la table `site`
--

INSERT INTO `site` (`id`, `nom_site`, `etat`, `heure_ouv_jour`, `heure_ferm_jour`, `heure_ouv_nuit`, `heure_ferm_nuit`) VALUES
(1, 'ACC', '1', '19:45:00', '05:15:00', NULL, NULL),
(2, 'RENOVA', '1', '08:00:00', '20:00:00', '20:00:00', '08:00:00'),
(3, 'BURGER KING', '1', '18:00:00', '00:30:00', '12:30:00', '08:00:00'),
(4, 'IKO', '1', NULL, NULL, '21:30:00', '03:00:00'),
(5, 'ROCKWOOL', '1', '06:30:00', '18:30:00', '18:30:00', '06:30:00'),
(9, 'T2C Rondier', '1', '00:45:00', '04:15:00', NULL, NULL),
(8, 'T2C PCC', '1', '01:00:00', '04:05:00', NULL, NULL),
(10, 'T2C Lagalaye', '1', '08:15:00', '18:15:00', NULL, NULL),
(11, 'HOTEL Les Lauréades', '1', NULL, NULL, NULL, NULL),
(12, 'Hautel Les lauréades 18h', '0', '18:00:00', '19:00:00', NULL, NULL),
(13, 'HOTEL Les Lauréades 18 h', '0', '18:00:00', '19:00:00', NULL, NULL),
(14, 'HOTEL Les Lauréades 20 h', '0', '20:00:00', '21:00:00', NULL, NULL),
(15, 'Prodomo HOTEL DIEU', '1', NULL, NULL, NULL, NULL),
(16, 'DREAL rondes', '1', NULL, NULL, NULL, NULL),
(17, 'GIE LAPARDIEU', '1', NULL, NULL, NULL, NULL),
(18, 'GIE ST JEAN', '1', NULL, NULL, NULL, NULL),
(19, 'GRAND FRAIS', '1', '09:00:00', '19:30:00', NULL, NULL),
(20, 'CDEF', '1', '17:00:00', '04:00:00', NULL, NULL);

-- --------------------------------------------------------

--
-- Structure de la table `user`
--

CREATE TABLE IF NOT EXISTS `user` (
  `id` int(11) NOT NULL AUTO_INCREMENT,
  `nom` varchar(255) COLLATE utf8_unicode_ci NOT NULL,
  `prenom` varchar(255) COLLATE utf8_unicode_ci NOT NULL,
  `username` varchar(255) COLLATE utf8_unicode_ci NOT NULL,
  `password` varchar(255) COLLATE utf8_unicode_ci NOT NULL,
  `auteur` varchar(255) COLLATE utf8_unicode_ci NOT NULL,
  `date_heure` datetime NOT NULL,
  `roles` longtext COLLATE utf8_unicode_ci NOT NULL COMMENT '(DC2Type:array)',
  `is_active` tinyint(1) NOT NULL,
  PRIMARY KEY (`id`)
) ENGINE=MyISAM  DEFAULT CHARSET=utf8 COLLATE=utf8_unicode_ci AUTO_INCREMENT=3 ;

--
-- Contenu de la table `user`
--

INSERT INTO `user` (`id`, `nom`, `prenom`, `username`, `password`, `auteur`, `date_heure`, `roles`, `is_active`) VALUES
(1, 'AGI', 'Administrateur', 'agi-admin', '$2y$13$SIGjRDwg8UsfU/teJmym9.KPuBofxT3U/tICGKvC/8Pd4HxFG.jpu', 'ADMIN', '2017-09-29 17:17:59', 'a:1:{i:0;s:10:"ROLE_ADMIN";}', 1),
(2, 'AGI', 'Utilisateur', 'agi-user', '$2y$13$4ZMGPJbApfdQULp9JzJTheK9Zl7Hq.DyyvC.BciqIcgBgsneu81EW', 'ADMIN', '2017-09-29 17:17:59', 'a:1:{i:0;s:9:"ROLE_USER";}', 1);

-- --------------------------------------------------------

--
-- Structure de la table `vacation`
--

CREATE TABLE IF NOT EXISTS `vacation` (
  `id` int(11) NOT NULL AUTO_INCREMENT,
  `agent_id` int(11) DEFAULT NULL,
  `site_id` int(11) DEFAULT NULL,
  `date_vacation` date NOT NULL,
  `heure_panier` smallint(6) NOT NULL,
  `heure_deb_vac` datetime NOT NULL,
  `heure_fin_vac` datetime DEFAULT NULL,
  `etat` varchar(10) COLLATE utf8_unicode_ci NOT NULL,
  `heure_jour` varchar(255) COLLATE utf8_unicode_ci NOT NULL,
  `heure_nuit` varchar(255) COLLATE utf8_unicode_ci NOT NULL,
  `heure_dimanche` varchar(255) COLLATE utf8_unicode_ci NOT NULL,
  `heure_ferie` varchar(255) COLLATE utf8_unicode_ci NOT NULL,
  PRIMARY KEY (`id`),
  KEY `IDX_E3DADF753414710B` (`agent_id`),
  KEY `IDX_E3DADF75F6BD1646` (`site_id`)
) ENGINE=MyISAM  DEFAULT CHARSET=utf8 COLLATE=utf8_unicode_ci AUTO_INCREMENT=754 ;

--
-- Contenu de la table `vacation`
--

INSERT INTO `vacation` (`id`, `agent_id`, `site_id`, `date_vacation`, `heure_panier`, `heure_deb_vac`, `heure_fin_vac`, `etat`, `heure_jour`, `heure_nuit`, `heure_dimanche`, `heure_ferie`) VALUES
(1, 7, 1, '2017-09-01', 1, '2017-09-01 19:45:00', '2017-09-02 07:15:00', '0', '02:30', '09:00', '00:00', '00:00'),
(2, 7, 1, '2017-09-02', 1, '2017-09-02 19:15:00', '2017-09-03 07:15:00', '1', '03:00', '09:00', '07:15', '00:00'),
(3, 10, 1, '2017-09-06', 1, '2017-09-06 19:45:00', '2017-09-07 05:15:00', '1', '01:15', '08:15', '00:00', '00:00'),
(4, 27, 1, '2017-09-02', 1, '2017-09-02 07:15:00', '2017-09-02 19:15:00', '1', '12:00', '00:00', '00:00', '00:00'),
(5, 27, 1, '2017-09-03', 1, '2017-09-03 07:15:00', '2017-09-03 19:15:00', '1', '12:00', '00:00', '12:00', '00:00'),
(6, 10, 1, '2017-09-12', 1, '2017-09-12 19:45:00', '2017-09-13 05:15:00', '1', '01:15', '08:15', '00:00', '00:00'),
(7, 27, 1, '2017-09-04', 1, '2017-09-04 19:45:00', '2017-09-05 05:15:00', '1', '01:15', '08:15', '00:00', '00:00'),
(8, 10, 1, '2017-09-05', 1, '2017-09-05 19:45:00', '2017-09-06 05:15:00', '1', '01:15', '08:15', '00:00', '00:00'),
(9, 10, 1, '2017-09-07', 1, '2017-09-07 19:45:00', '2017-09-08 05:15:00', '1', '01:15', '08:15', '00:00', '00:00'),
(10, 7, 1, '2017-09-08', 1, '2017-09-08 19:45:00', '2017-09-09 07:15:00', '1', '02:30', '09:00', '00:00', '00:00'),
(11, 27, 1, '2017-09-09', 1, '2017-09-09 07:15:00', '2017-09-09 19:15:00', '1', '12:00', '00:00', '00:00', '00:00'),
(12, 7, 1, '2017-09-09', 1, '2017-09-09 19:15:00', '2017-09-10 07:15:00', '1', '03:00', '09:00', '07:15', '00:00'),
(13, 27, 1, '2017-09-10', 1, '2017-09-10 07:15:00', '2017-09-10 19:15:00', '1', '12:00', '00:00', '12:00', '00:00'),
(14, 7, 1, '2017-09-03', 1, '2017-09-03 19:15:00', '2017-09-04 07:15:00', '1', '03:00', '09:00', '04:45', '00:00'),
(15, 9, 2, '2017-09-01', 1, '2017-09-01 08:00:00', '2017-09-01 20:00:00', '1', '12:00', '00:00', '00:00', '00:00'),
(16, 28, 1, '2017-09-01', 1, '2017-09-01 20:00:00', '2017-09-02 08:00:00', '0', '03:00', '09:00', '00:00', '00:00'),
(17, 28, 2, '2017-09-01', 1, '2017-09-01 20:00:00', '2017-09-02 08:00:00', '1', '03:00', '09:00', '00:00', '00:00'),
(18, 9, 2, '2017-09-02', 1, '2017-09-02 08:00:00', '2017-09-02 20:00:00', '1', '12:00', '00:00', '00:00', '00:00'),
(19, 28, 2, '2017-09-02', 1, '2017-09-02 20:00:00', '2017-09-03 08:00:00', '1', '03:00', '09:00', '08:00', '00:00'),
(20, 8, 2, '2017-09-03', 1, '2017-09-03 08:00:00', '2017-09-03 20:00:00', '1', '12:00', '00:00', '12:00', '00:00'),
(21, 21, 2, '2017-09-03', 1, '2017-09-03 20:00:00', '2017-09-04 08:00:00', '1', '03:00', '09:00', '04:00', '00:00'),
(22, 28, 2, '2017-09-04', 1, '2017-09-04 08:00:00', '2017-09-04 20:00:00', '1', '12:00', '00:00', '00:00', '00:00'),
(23, 21, 2, '2017-09-04', 1, '2017-09-04 20:00:00', '2017-09-05 08:00:00', '1', '03:00', '09:00', '00:00', '00:00'),
(24, 28, 2, '2017-09-05', 1, '2017-09-05 08:00:00', '2017-09-05 20:00:00', '1', '12:00', '00:00', '00:00', '00:00'),
(25, 21, 2, '2017-09-05', 1, '2017-09-05 20:00:00', '2017-09-06 08:00:00', '1', '03:00', '09:00', '00:00', '00:00'),
(26, 28, 2, '2017-09-06', 1, '2017-09-06 08:00:00', '2017-09-06 20:00:00', '1', '12:00', '00:00', '00:00', '00:00'),
(27, 21, 2, '2017-09-06', 1, '2017-09-06 20:00:00', '2017-09-07 08:00:00', '1', '03:00', '09:00', '00:00', '00:00'),
(28, 28, 2, '2017-09-07', 1, '2017-09-07 08:00:00', '2017-09-07 20:00:00', '1', '12:00', '00:00', '00:00', '00:00'),
(29, 21, 2, '2017-09-07', 1, '2017-09-07 20:00:00', '2017-09-08 08:00:00', '1', '03:00', '09:00', '00:00', '00:00'),
(30, 28, 2, '2017-09-08', 1, '2017-09-08 08:00:00', '2017-09-08 20:00:00', '1', '12:00', '00:00', '00:00', '00:00'),
(31, 21, 2, '2017-09-08', 1, '2017-09-08 20:00:00', '2017-09-09 08:00:00', '1', '03:00', '09:00', '00:00', '00:00'),
(32, 28, 2, '2017-09-09', 1, '2017-09-09 08:00:00', '2017-09-09 20:00:00', '1', '12:00', '00:00', '00:00', '00:00'),
(33, 5, 2, '2017-09-09', 1, '2017-09-09 20:00:00', '2017-09-10 08:00:00', '0', '03:00', '09:00', '08:00', '00:00'),
(34, 8, 2, '2017-09-10', 1, '2017-09-10 08:00:00', '2017-09-10 20:00:00', '1', '12:00', '00:00', '12:00', '00:00'),
(35, 15, 1, '2017-09-11', 1, '2017-09-11 19:15:00', '2017-09-12 05:15:00', '1', '01:45', '08:15', '00:00', '00:00'),
(36, 7, 1, '2017-09-10', 1, '2017-09-10 19:15:00', '2017-09-11 05:15:00', '1', '01:45', '08:15', '04:45', '00:00'),
(37, 10, 1, '2017-09-13', 1, '2017-09-13 19:45:00', '2017-09-14 05:15:00', '1', '01:15', '08:15', '00:00', '00:00'),
(38, 10, 1, '2017-09-14', 1, '2017-09-14 19:15:00', '2017-09-15 05:15:00', '1', '01:45', '08:15', '00:00', '00:00'),
(39, 7, 1, '2017-09-15', 1, '2017-09-15 19:45:00', '2017-09-16 07:15:00', '1', '02:30', '09:00', '00:00', '00:00'),
(40, 15, 1, '2017-09-16', 1, '2017-09-16 07:15:00', '2017-09-16 19:15:00', '1', '12:00', '00:00', '00:00', '00:00'),
(41, 7, 1, '2017-09-16', 1, '2017-09-16 19:15:00', '2017-09-17 07:15:00', '1', '03:00', '09:00', '07:15', '00:00'),
(42, 15, 1, '2017-09-17', 1, '2017-09-17 07:15:00', '2017-09-17 19:15:00', '0', '12:00', '00:00', '12:00', '00:00'),
(43, 7, 1, '2017-09-17', 1, '2017-09-17 19:15:00', '2017-09-18 05:15:00', '1', '01:45', '08:15', '04:45', '00:00'),
(44, 15, 1, '2017-09-18', 1, '2017-09-18 19:45:00', '2017-09-19 05:15:00', '1', '01:15', '08:15', '00:00', '00:00'),
(45, 10, 1, '2017-09-19', 1, '2017-09-19 19:45:00', '2017-09-20 05:15:00', '1', '01:15', '08:15', '00:00', '00:00'),
(46, 10, 1, '2017-09-21', 1, '2017-09-21 19:45:00', '2017-09-22 05:15:00', '1', '01:15', '08:15', '00:00', '00:00'),
(47, 7, 1, '2017-09-22', 1, '2017-09-22 19:45:00', '2017-09-23 07:15:00', '1', '02:30', '09:00', '00:00', '00:00'),
(48, 15, 1, '2017-09-23', 1, '2017-09-23 07:15:00', '2017-09-23 19:15:00', '1', '12:00', '00:00', '00:00', '00:00'),
(49, 7, 1, '2017-09-23', 1, '2017-09-23 19:15:00', '2017-09-24 07:15:00', '1', '03:00', '09:00', '07:15', '00:00'),
(50, 7, 1, '2017-09-24', 1, '2017-09-24 19:15:00', '2017-09-25 05:15:00', '1', '01:45', '08:15', '04:45', '00:00'),
(51, 10, 1, '2017-09-26', 1, '2017-09-26 19:45:00', '2017-09-27 05:15:00', '1', '01:15', '08:15', '00:00', '00:00'),
(52, 10, 1, '2017-09-27', 1, '2017-09-27 19:45:00', '2017-09-28 05:15:00', '1', '01:15', '08:15', '00:00', '00:00'),
(53, 10, 1, '2017-09-28', 1, '2017-09-28 19:45:00', '2017-09-29 05:15:00', '1', '01:15', '08:15', '00:00', '00:00'),
(54, 7, 1, '2017-09-29', 1, '2017-09-29 19:45:00', '2017-09-30 07:15:00', '1', '02:30', '09:00', '00:00', '00:00'),
(55, 15, 1, '2017-09-30', 1, '2017-09-30 07:15:00', '2017-09-30 19:15:00', '1', '12:00', '00:00', '00:00', '00:00'),
(56, 7, 1, '2017-09-30', 1, '2017-09-30 19:45:00', '2017-10-01 07:15:00', '1', '02:30', '09:00', '07:15', '00:00'),
(57, 10, 1, '2017-09-20', 1, '2017-09-20 19:00:00', '2017-09-21 05:15:00', '1', '02:00', '08:15', '00:00', '00:00'),
(58, 15, 1, '2017-09-24', 1, '2017-09-24 07:15:00', '2017-09-24 19:15:00', '1', '12:00', '00:00', '12:00', '00:00'),
(59, 30, 4, '2017-10-06', 1, '2017-10-06 21:30:00', '2017-10-07 08:00:00', '1', '02:00', '08:30', '00:00', '00:00'),
(60, 4, 4, '2017-10-07', 1, '2017-10-07 20:00:00', '2017-10-08 08:00:00', '1', '03:00', '09:00', '08:00', '00:00'),
(61, 29, 4, '2017-10-08', 1, '2017-10-08 20:00:00', '2017-10-09 05:00:00', '1', '01:00', '08:00', '04:00', '00:00'),
(62, 30, 4, '2017-10-13', 1, '2017-10-13 21:30:00', '2017-10-14 08:00:00', '1', '02:00', '08:30', '00:00', '00:00'),
(63, 20, 4, '2017-10-14', 1, '2017-10-14 20:00:00', '2017-10-15 08:00:00', '1', '03:00', '09:00', '08:00', '00:00'),
(64, 29, 4, '2017-10-15', 1, '2017-10-15 20:00:00', '2017-10-16 05:00:00', '0', '01:00', '08:00', '04:00', '00:00'),
(65, 29, 4, '2017-10-15', 1, '2017-10-15 20:00:00', '2017-10-16 05:00:00', '1', '01:00', '08:00', '04:00', '00:00'),
(66, 30, 4, '2017-10-20', 1, '2017-10-20 21:30:00', '2017-10-21 08:00:00', '1', '02:00', '08:30', '00:00', '00:00'),
(67, 31, 4, '2017-10-21', 1, '2017-10-21 20:00:00', '2017-10-22 08:00:00', '1', '03:00', '09:00', '08:00', '00:00'),
(68, 29, 4, '2017-10-22', 1, '2017-10-22 20:00:00', '2017-10-23 05:00:00', '1', '01:00', '08:00', '04:00', '00:00'),
(69, 29, 4, '2017-09-27', 1, '2017-09-27 21:30:00', '2017-10-28 08:00:00', '0', '02:00', '728:30', '00:00', '00:00'),
(70, 30, 4, '2017-10-27', 1, '2017-10-27 21:30:00', '2017-10-28 08:00:00', '1', '02:00', '08:30', '00:00', '00:00'),
(71, 31, 4, '2017-10-28', 1, '2017-10-28 20:00:00', '2017-10-29 08:00:00', '1', '03:00', '10:00', '08:00', '00:00'),
(72, 29, 4, '2017-10-29', 1, '2017-10-29 20:00:00', '2017-10-30 05:00:00', '0', '01:00', '08:00', '04:00', '00:00'),
(73, 29, 4, '2017-10-30', 1, '2017-10-30 21:30:00', '2017-10-31 05:00:00', '1', '00:00', '07:30', '00:00', '00:00'),
(74, 29, 4, '2017-10-31', 1, '2017-10-31 21:30:00', '2017-11-01 05:00:00', '1', '00:00', '07:30', '00:00', '00:00'),
(75, 29, 4, '2017-10-01', 1, '2017-10-01 21:30:00', '2017-10-02 05:00:00', '1', '00:00', '07:30', '02:30', '00:00'),
(76, 20, 4, '2017-10-07', 1, '2017-10-07 08:00:00', '2017-10-07 20:00:00', '1', '12:00', '00:00', '00:00', '00:00'),
(77, 20, 4, '2017-10-08', 1, '2017-10-08 08:00:00', '2017-10-08 20:00:00', '1', '12:00', '00:00', '12:00', '00:00'),
(78, 4, 4, '2017-10-14', 1, '2017-10-14 08:00:00', '2017-10-14 20:00:00', '1', '12:00', '00:00', '00:00', '00:00'),
(79, 4, 4, '2017-10-15', 1, '2017-10-15 08:00:00', '2017-10-15 20:00:00', '1', '12:00', '00:00', '12:00', '00:00'),
(80, 4, 4, '2017-10-21', 1, '2017-10-21 08:00:00', '2017-10-21 20:00:00', '0', '27:00', '09:00', '20:00', '00:00'),
(81, 4, 4, '2017-10-21', 1, '2017-10-21 08:00:00', '2017-10-21 20:00:00', '1', '12:00', '00:00', '00:00', '00:00'),
(82, 4, 4, '2017-10-22', 1, '2017-10-22 08:00:00', '2017-10-22 20:00:00', '1', '12:00', '00:00', '12:00', '00:00'),
(83, 7, 4, '2017-10-28', 1, '2017-10-28 08:00:00', '2017-10-28 20:00:00', '1', '12:00', '00:00', '00:00', '00:00'),
(84, 7, 4, '2017-10-29', 1, '2017-10-29 08:00:00', '2017-10-29 20:00:00', '1', '12:00', '00:00', '12:00', '00:00'),
(85, 29, 4, '2017-10-02', 1, '2017-10-02 21:30:00', '2017-10-03 05:00:00', '1', '00:00', '07:30', '00:00', '00:00'),
(86, 29, 4, '2017-10-03', 1, '2017-10-03 21:30:00', '2017-10-04 05:00:00', '1', '00:00', '07:30', '00:00', '00:00'),
(87, 29, 4, '2017-10-04', 1, '2017-10-04 21:30:00', '2017-10-05 05:00:00', '1', '00:00', '07:30', '00:00', '00:00'),
(88, 30, 4, '2017-10-05', 1, '2017-10-05 21:30:00', '2017-10-06 05:00:00', '1', '00:00', '07:30', '00:00', '00:00'),
(89, 30, 4, '2017-10-09', 1, '2017-10-09 21:30:00', '2017-10-10 05:00:00', '0', '00:00', '07:30', '00:00', '00:00'),
(90, 30, 4, '2017-10-10', 1, '2017-10-10 21:30:00', '2017-10-11 05:00:00', '0', '00:00', '07:30', '00:00', '00:00'),
(91, 30, 4, '2017-10-11', 1, '2017-10-11 21:30:00', '2017-10-12 05:00:00', '0', '00:00', '07:30', '00:00', '00:00'),
(92, 30, 4, '2017-10-12', 1, '2017-10-12 21:30:00', '2017-10-13 05:00:00', '1', '00:00', '07:30', '00:00', '00:00'),
(93, 29, 4, '2017-10-16', 1, '2017-10-16 21:30:00', '2017-10-17 05:00:00', '1', '00:00', '07:30', '00:00', '00:00'),
(94, 29, 4, '2017-10-17', 1, '2017-10-17 21:30:00', '2017-10-18 05:00:00', '1', '00:00', '07:30', '00:00', '00:00'),
(95, 29, 4, '2017-10-18', 1, '2017-10-18 21:30:00', '2017-10-19 05:00:00', '1', '00:00', '07:30', '00:00', '00:00'),
(96, 30, 4, '2017-10-19', 1, '2017-10-19 21:30:00', '2017-10-20 05:00:00', '1', '00:00', '07:30', '00:00', '00:00'),
(97, 30, 4, '2017-10-23', 1, '2017-10-23 21:30:00', '2017-10-24 05:00:00', '0', '00:00', '07:30', '00:00', '00:00'),
(98, 30, 4, '2017-10-24', 1, '2017-10-24 21:30:00', '2017-10-25 05:00:00', '0', '00:00', '07:30', '00:00', '00:00'),
(99, 29, 4, '2017-10-25', 1, '2017-10-25 21:30:00', '2017-10-26 05:00:00', '1', '00:00', '07:30', '00:00', '00:00'),
(100, 30, 4, '2017-10-26', 1, '2017-10-26 21:30:00', '2017-10-27 05:00:00', '1', '00:00', '07:30', '00:00', '00:00'),
(101, 7, 1, '2017-10-01', 1, '2017-10-01 07:15:00', '2017-10-01 19:15:00', '0', '12:00', '00:00', '12:00', '00:00'),
(102, 7, 1, '2017-10-06', 1, '2017-10-06 19:15:00', '2017-10-07 07:15:00', '0', '03:00', '09:00', '00:00', '00:00'),
(103, 7, 1, '2017-10-07', 1, '2017-10-07 19:15:00', '2017-10-08 07:15:00', '0', '03:00', '09:00', '07:15', '00:00'),
(104, 7, 4, '2017-09-01', 1, '2017-09-01 19:45:00', '2017-09-02 05:15:00', '0', '01:15', '08:15', '00:00', '00:00'),
(105, 7, 1, '2017-09-01', 1, '2017-09-01 19:45:00', '2017-09-02 07:15:00', '1', '02:30', '09:00', '00:00', '00:00'),
(109, 31, 1, '2017-10-01', 1, '2017-10-01 07:15:00', '2017-10-01 19:15:00', '1', '12:00', '00:00', '12:00', '00:00'),
(108, 27, 1, '2017-11-01', 1, '2017-11-01 19:45:00', '2017-11-02 07:15:00', '1', '02:30', '09:00', '00:00', '00:00'),
(110, 17, 1, '2017-10-01', 1, '2017-10-01 19:15:00', '2017-10-02 05:15:00', '0', '01:45', '08:15', '04:45', '00:00'),
(111, 17, 1, '2017-10-02', 1, '2017-10-02 19:45:00', '2017-10-03 05:15:00', '0', '01:15', '08:15', '00:00', '00:00'),
(112, 10, 1, '2017-10-03', 1, '2017-10-03 19:45:00', '2017-10-04 05:15:00', '1', '01:15', '08:15', '00:00', '00:00'),
(113, 10, 1, '2017-10-04', 1, '2017-10-04 19:45:00', '2017-10-05 05:15:00', '1', '01:15', '08:15', '00:00', '00:00'),
(114, 10, 1, '2017-10-05', 1, '2017-10-05 19:45:00', '2017-10-06 05:15:00', '1', '01:15', '08:15', '00:00', '00:00'),
(115, 7, 1, '2017-10-06', 1, '2017-10-06 19:45:00', '2017-10-07 07:15:00', '1', '02:30', '09:00', '00:00', '00:00'),
(116, 30, 1, '2017-10-07', 1, '2017-10-07 07:15:00', '2017-10-07 19:15:00', '1', '12:00', '00:00', '00:00', '00:00'),
(117, 7, 1, '2017-10-07', 1, '2017-10-07 19:15:00', '2017-10-08 07:15:00', '1', '03:00', '09:00', '07:15', '00:00'),
(118, 30, 1, '2017-10-08', 1, '2017-10-08 07:15:00', '2017-10-08 19:15:00', '1', '12:00', '00:00', '12:00', '00:00'),
(119, 7, 1, '2017-10-08', 1, '2017-10-08 19:15:00', '2017-10-09 05:15:00', '1', '01:45', '08:15', '04:45', '00:00'),
(120, 10, 1, '2017-10-10', 1, '2017-10-10 19:45:00', '2017-10-11 05:15:00', '1', '01:15', '08:15', '00:00', '00:00'),
(121, 10, 1, '2017-10-11', 1, '2017-10-11 19:45:00', '2017-10-12 05:15:00', '1', '01:15', '08:15', '00:00', '00:00'),
(122, 10, 1, '2017-10-12', 1, '2017-10-12 19:45:00', '2017-10-13 05:15:00', '1', '01:15', '08:15', '00:00', '00:00'),
(123, 17, 1, '2017-10-13', 1, '2017-10-13 19:45:00', '2017-10-14 07:15:00', '0', '02:30', '09:00', '00:00', '00:00'),
(124, 27, 1, '2017-10-14', 1, '2017-10-14 07:15:00', '2017-10-14 19:15:00', '0', '12:00', '00:00', '00:00', '00:00'),
(125, 17, 1, '2017-10-14', 1, '2017-10-14 19:15:00', '2017-10-15 07:15:00', '0', '03:00', '09:00', '07:15', '00:00'),
(126, 27, 1, '2017-10-15', 1, '2017-10-15 07:15:00', '2017-10-15 19:15:00', '0', '12:00', '00:00', '12:00', '00:00'),
(127, 17, 1, '2017-10-15', 1, '2017-10-15 19:15:00', '2017-10-16 05:15:00', '0', '01:45', '08:15', '04:45', '00:00'),
(128, 17, 1, '2017-10-16', 1, '2017-10-16 19:45:00', '2017-10-17 05:15:00', '0', '01:15', '08:15', '00:00', '00:00'),
(129, 10, 1, '2017-10-17', 1, '2017-10-17 19:45:00', '2017-10-18 05:15:00', '1', '01:15', '08:15', '00:00', '00:00'),
(130, 10, 1, '2017-10-18', 1, '2017-10-18 19:45:00', '2017-10-19 05:15:00', '1', '01:15', '08:15', '00:00', '00:00'),
(131, 10, 1, '2017-10-19', 1, '2017-10-19 19:45:00', '2017-10-20 05:15:00', '1', '01:15', '08:15', '00:00', '00:00'),
(132, 7, 1, '2017-10-20', 1, '2017-10-20 19:45:00', '2017-10-21 07:15:00', '1', '02:30', '09:00', '00:00', '00:00'),
(133, 30, 1, '2017-10-21', 1, '2017-10-21 07:15:00', '2017-10-21 19:15:00', '1', '12:00', '00:00', '00:00', '00:00'),
(134, 30, 1, '2017-10-22', 1, '2017-10-22 07:15:00', '2017-10-22 19:15:00', '1', '12:00', '00:00', '12:00', '00:00'),
(135, 7, 1, '2017-10-21', 1, '2017-10-21 19:15:00', '2017-10-22 07:15:00', '1', '03:00', '09:00', '07:15', '00:00'),
(136, 7, 1, '2017-10-22', 1, '2017-10-22 19:15:00', '2017-10-23 05:15:00', '1', '01:45', '08:15', '04:45', '00:00'),
(137, 10, 1, '2017-10-24', 1, '2017-10-24 19:45:00', '2017-10-25 05:15:00', '1', '01:15', '08:15', '00:00', '00:00'),
(138, 10, 1, '2017-10-25', 1, '2017-10-25 19:45:00', '2017-10-26 05:15:00', '1', '01:15', '08:15', '00:00', '00:00'),
(139, 10, 1, '2017-10-26', 1, '2017-10-26 19:45:00', '2017-10-27 05:15:00', '1', '01:15', '08:15', '00:00', '00:00'),
(140, 27, 1, '2017-10-27', 1, '2017-10-27 19:45:00', '2017-10-28 07:15:00', '1', '02:30', '09:00', '00:00', '00:00'),
(141, 17, 1, '2017-10-28', 1, '2017-10-28 07:15:00', '2017-10-28 19:15:00', '0', '12:00', '00:00', '00:00', '00:00'),
(142, 27, 1, '2017-10-28', 1, '2017-10-28 19:15:00', '2017-10-29 07:15:00', '1', '03:00', '10:00', '07:15', '00:00'),
(143, 17, 1, '2017-10-29', 1, '2017-10-29 07:15:00', '2017-10-29 19:15:00', '0', '12:00', '00:00', '12:00', '00:00'),
(144, 27, 1, '2017-10-29', 1, '2017-10-29 19:15:00', '2017-10-30 05:15:00', '1', '01:45', '08:15', '04:45', '00:00'),
(145, 30, 1, '2017-10-30', 1, '2017-10-30 19:15:00', '2017-10-31 05:15:00', '1', '01:45', '08:15', '00:00', '00:00'),
(146, 30, 1, '2017-10-09', 1, '2017-10-09 19:45:00', '2017-10-10 05:15:00', '1', '01:15', '08:15', '00:00', '00:00'),
(147, 30, 1, '2017-10-23', 1, '2017-10-23 19:45:00', '2017-10-24 05:15:00', '1', '01:15', '08:15', '00:00', '00:00'),
(148, 11, 3, '2017-10-01', 1, '2017-10-01 08:45:00', '2017-10-01 20:00:00', '1', '11:15', '00:00', '11:15', '00:00'),
(149, 16, 3, '2017-10-01', 0, '2017-10-01 20:00:00', '2017-10-02 00:30:00', '1', '01:00', '03:30', '04:00', '00:00'),
(150, 25, 3, '2017-10-02', 1, '2017-10-02 00:30:00', '2017-10-02 08:00:00', '1', '02:00', '05:30', '00:00', '00:00'),
(151, 31, 3, '2017-10-02', 1, '2017-10-02 18:00:00', '2017-10-03 00:30:00', '1', '03:00', '03:30', '00:00', '00:00'),
(152, 11, 3, '2017-10-03', 1, '2017-10-03 00:30:00', '2017-10-03 08:00:00', '1', '02:00', '05:30', '00:00', '00:00'),
(153, 31, 3, '2017-10-03', 1, '2017-10-03 18:00:00', '2017-10-04 00:30:00', '1', '03:00', '03:30', '00:00', '00:00'),
(154, 11, 3, '2017-10-04', 1, '2017-10-04 00:30:00', '2017-10-04 08:00:00', '1', '02:00', '05:30', '00:00', '00:00'),
(155, 24, 3, '2017-10-04', 1, '2017-10-04 18:00:00', '2017-10-05 00:30:00', '1', '03:00', '03:30', '00:00', '00:00'),
(156, 5, 3, '2017-10-05', 1, '2017-10-05 00:30:00', '2017-10-05 08:00:00', '1', '02:00', '05:30', '00:00', '00:00'),
(157, 24, 3, '2017-10-05', 1, '2017-10-05 18:00:00', '2017-10-06 00:30:00', '1', '03:00', '03:30', '00:00', '00:00'),
(158, 5, 3, '2017-10-06', 1, '2017-10-06 00:30:00', '2017-10-06 08:00:00', '1', '02:00', '05:30', '00:00', '00:00'),
(159, 16, 3, '2017-10-06', 1, '2017-10-06 18:00:00', '2017-10-07 00:30:00', '1', '03:00', '03:30', '00:00', '00:00'),
(160, 27, 3, '2017-10-07', 1, '2017-10-07 00:30:00', '2017-10-07 08:00:00', '1', '02:00', '05:30', '00:00', '00:00'),
(161, 17, 3, '2017-10-07', 1, '2017-10-07 08:00:00', '2017-10-07 20:00:00', '1', '12:00', '00:00', '00:00', '00:00'),
(162, 16, 3, '2017-10-07', 0, '2017-10-07 20:00:00', '2017-10-08 00:30:00', '1', '01:00', '03:30', '00:30', '00:00'),
(163, 24, 3, '2017-10-08', 1, '2017-10-08 00:30:00', '2017-10-08 08:00:00', '1', '02:00', '05:30', '07:30', '00:00'),
(164, 25, 3, '2017-10-08', 1, '2017-10-08 08:00:00', '2017-10-08 20:00:00', '1', '12:00', '00:00', '12:00', '00:00'),
(165, 16, 3, '2017-10-08', 0, '2017-10-08 20:00:00', '2017-10-09 00:30:00', '1', '01:00', '03:30', '04:00', '00:00'),
(166, 17, 3, '2017-10-09', 1, '2017-10-09 00:30:00', '2017-10-09 08:00:00', '1', '02:00', '05:30', '00:00', '00:00'),
(167, 5, 3, '2017-10-10', 1, '2017-10-10 00:30:00', '2017-10-10 08:00:00', '1', '02:00', '05:30', '00:00', '00:00'),
(168, 31, 3, '2017-10-10', 1, '2017-10-10 18:00:00', '2017-10-11 00:30:00', '1', '03:00', '03:30', '00:00', '00:00'),
(169, 5, 3, '2017-10-11', 1, '2017-10-11 00:30:00', '2017-10-11 08:00:00', '1', '02:00', '05:30', '00:00', '00:00'),
(170, 1, 3, '2017-10-11', 1, '2017-10-11 18:00:00', '2017-10-12 00:30:00', '1', '03:00', '03:30', '00:00', '00:00'),
(171, 17, 3, '2017-10-12', 1, '2017-10-12 00:30:00', '2017-10-12 08:00:00', '1', '02:00', '05:30', '00:00', '00:00'),
(172, 1, 3, '2017-10-12', 1, '2017-10-12 18:00:00', '2017-10-13 00:30:00', '1', '03:00', '03:30', '00:00', '00:00'),
(173, 17, 3, '2017-10-13', 1, '2017-10-13 00:30:00', '2017-10-13 08:00:00', '1', '02:00', '05:30', '00:00', '00:00'),
(174, 16, 3, '2017-10-13', 1, '2017-10-13 18:00:00', '2017-10-14 00:30:00', '1', '03:00', '03:30', '00:00', '00:00'),
(175, 17, 3, '2017-10-14', 1, '2017-10-14 00:30:00', '2017-10-14 08:00:00', '1', '02:00', '05:30', '00:00', '00:00'),
(176, 11, 3, '2017-10-14', 1, '2017-10-14 08:00:00', '2017-10-14 20:00:00', '1', '12:00', '00:00', '00:00', '00:00'),
(177, 16, 3, '2017-10-14', 0, '2017-10-14 20:00:00', '2017-10-15 00:30:00', '1', '01:00', '03:30', '00:30', '00:00'),
(178, 17, 3, '2017-10-15', 1, '2017-10-15 00:30:00', '2017-10-15 08:00:00', '1', '02:00', '05:30', '07:30', '00:00'),
(179, 11, 3, '2017-10-15', 1, '2017-10-15 08:00:00', '2017-10-15 20:00:00', '1', '12:00', '00:00', '12:00', '00:00'),
(180, 16, 3, '2017-10-15', 0, '2017-10-15 20:00:00', '2017-10-16 00:30:00', '1', '01:00', '03:30', '04:00', '00:00'),
(181, 11, 3, '2017-10-16', 1, '2017-10-16 00:30:00', '2017-10-16 08:00:00', '1', '02:00', '05:30', '00:00', '00:00'),
(182, 31, 3, '2017-10-16', 1, '2017-10-16 18:00:00', '2017-10-17 00:30:00', '1', '03:00', '03:30', '00:00', '00:00'),
(183, 11, 3, '2017-10-17', 1, '2017-10-17 00:30:00', '2017-10-17 08:00:00', '1', '02:00', '05:30', '00:00', '00:00'),
(184, 31, 3, '2017-10-17', 1, '2017-10-17 18:00:00', '2017-10-18 00:30:00', '1', '03:00', '03:30', '00:00', '00:00'),
(185, 11, 3, '2017-10-18', 1, '2017-10-18 00:30:00', '2017-10-18 08:00:00', '1', '02:00', '05:30', '00:00', '00:00'),
(186, 25, 3, '2017-10-18', 1, '2017-10-18 18:00:00', '2017-10-19 00:30:00', '1', '03:00', '03:30', '00:00', '00:00'),
(187, 17, 3, '2017-10-19', 1, '2017-10-19 00:30:00', '2017-10-19 08:00:00', '1', '02:00', '05:30', '00:00', '00:00'),
(188, 24, 3, '2017-10-19', 1, '2017-10-19 18:00:00', '2017-10-20 00:30:00', '1', '03:00', '03:30', '00:00', '00:00'),
(189, 17, 3, '2017-10-20', 1, '2017-10-20 00:30:00', '2017-10-20 08:00:00', '1', '02:00', '05:30', '00:00', '00:00'),
(190, 16, 3, '2017-10-20', 1, '2017-10-20 18:00:00', '2017-10-21 00:30:00', '1', '03:00', '03:30', '00:00', '00:00'),
(191, 17, 3, '2017-10-21', 1, '2017-10-21 00:30:00', '2017-10-21 08:00:00', '1', '02:00', '05:30', '00:00', '00:00'),
(192, 1, 3, '2017-10-21', 1, '2017-10-21 08:00:00', '2017-10-21 20:00:00', '1', '12:00', '00:00', '00:00', '00:00'),
(193, 16, 3, '2017-10-21', 0, '2017-10-21 20:00:00', '2017-10-22 00:30:00', '1', '01:00', '03:30', '00:30', '00:00'),
(194, 11, 3, '2017-10-22', 1, '2017-10-22 00:30:00', '2017-10-22 08:00:00', '1', '02:00', '05:30', '07:30', '00:00'),
(195, 1, 3, '2017-10-22', 1, '2017-10-22 08:00:00', '2017-10-22 20:00:00', '1', '12:00', '00:00', '12:00', '00:00'),
(196, 16, 3, '2017-10-22', 0, '2017-10-22 20:00:00', '2017-10-23 00:30:00', '1', '01:00', '03:30', '04:00', '00:00'),
(197, 11, 3, '2017-10-23', 1, '2017-10-23 00:30:00', '2017-10-23 08:00:00', '1', '02:00', '05:30', '00:00', '00:00'),
(198, 17, 3, '2017-10-23', 1, '2017-10-23 18:00:00', '2017-10-24 00:30:00', '1', '03:00', '03:30', '00:00', '00:00'),
(199, 24, 3, '2017-10-24', 1, '2017-10-24 00:30:00', '2017-10-24 08:00:00', '0', '02:00', '05:30', '00:00', '00:00'),
(200, 5, 3, '2017-10-24', 1, '2017-10-24 00:30:00', '2017-10-24 08:00:00', '1', '02:00', '05:30', '00:00', '00:00'),
(201, 17, 3, '2017-10-24', 1, '2017-10-24 18:00:00', '2017-10-25 00:30:00', '1', '03:00', '03:30', '00:00', '00:00'),
(202, 5, 3, '2017-10-25', 1, '2017-10-25 00:30:00', '2017-10-25 08:00:00', '1', '02:00', '05:30', '00:00', '00:00'),
(203, 11, 3, '2017-10-25', 1, '2017-10-25 18:00:00', '2017-10-26 00:30:00', '1', '03:00', '03:30', '00:00', '00:00'),
(204, 1, 3, '2017-10-26', 1, '2017-10-26 00:30:00', '2017-10-26 08:00:00', '1', '02:00', '05:30', '00:00', '00:00'),
(205, 11, 3, '2017-10-26', 1, '2017-10-26 18:00:00', '2017-10-27 00:30:00', '1', '03:00', '03:30', '00:00', '00:00'),
(206, 24, 3, '2017-10-27', 1, '2017-10-27 00:30:00', '2017-10-27 08:00:00', '1', '02:00', '05:30', '00:00', '00:00'),
(207, 16, 3, '2017-10-27', 1, '2017-10-27 18:00:00', '2017-10-28 00:30:00', '1', '03:00', '03:30', '00:00', '00:00'),
(208, 24, 3, '2017-10-28', 1, '2017-10-28 00:30:00', '2017-10-28 08:00:00', '1', '02:00', '05:30', '00:00', '00:00'),
(209, 11, 3, '2017-10-28', 1, '2017-10-28 08:00:00', '2017-10-28 20:00:00', '1', '12:00', '00:00', '00:00', '00:00'),
(210, 16, 3, '2017-10-28', 0, '2017-10-28 20:00:00', '2017-10-29 00:30:00', '1', '01:00', '03:30', '00:30', '00:00'),
(211, 17, 3, '2017-10-29', 1, '2017-10-29 00:30:00', '2017-10-29 08:00:00', '1', '02:00', '06:30', '08:30', '00:00'),
(212, 25, 3, '2017-10-29', 1, '2017-10-29 08:00:00', '2017-10-29 20:00:00', '1', '12:00', '00:00', '12:00', '00:00'),
(213, 16, 3, '2017-10-29', 0, '2017-10-29 20:00:00', '2017-10-30 00:30:00', '1', '01:00', '03:30', '04:00', '00:00'),
(214, 17, 3, '2017-10-30', 1, '2017-10-30 00:30:00', '2017-10-30 08:00:00', '1', '02:00', '05:30', '00:00', '00:00'),
(215, 31, 3, '2017-10-30', 1, '2017-10-30 18:00:00', '2017-10-31 00:30:00', '1', '03:00', '03:30', '00:00', '00:00'),
(216, 24, 3, '2017-10-31', 1, '2017-10-31 00:30:00', '2017-10-31 08:00:00', '1', '02:00', '05:30', '00:00', '00:00'),
(217, 31, 3, '2017-10-31', 1, '2017-10-31 18:00:00', '2017-11-01 00:30:00', '1', '03:00', '03:30', '00:00', '00:00'),
(218, 24, 3, '2017-11-01', 1, '2017-11-01 00:30:00', '2017-11-01 08:00:00', '1', '02:00', '05:30', '00:00', '00:00'),
(219, 29, 4, '2017-10-09', 1, '2017-10-09 21:30:00', '2017-10-10 05:00:00', '1', '00:00', '07:30', '00:00', '00:00'),
(220, 29, 4, '2017-10-10', 1, '2017-10-10 21:30:00', '2017-10-11 05:00:00', '1', '00:00', '07:30', '00:00', '00:00'),
(221, 29, 4, '2017-10-11', 1, '2017-10-11 21:30:00', '2017-10-12 05:00:00', '1', '00:00', '07:30', '00:00', '00:00'),
(222, 29, 4, '2017-10-23', 1, '2017-10-23 21:30:00', '2017-10-24 05:00:00', '1', '00:00', '07:30', '00:00', '00:00'),
(223, 29, 4, '2017-10-24', 1, '2017-10-24 21:30:00', '2017-10-25 05:00:00', '1', '00:00', '07:30', '00:00', '00:00'),
(224, 10, 9, '2017-10-02', 0, '2017-10-02 00:45:00', '2017-10-02 04:15:00', '1', '00:00', '03:30', '00:00', '00:00'),
(225, 10, 9, '2017-10-08', 0, '2017-10-08 00:45:00', '2017-10-08 04:15:00', '1', '00:00', '03:30', '03:30', '00:00'),
(226, 10, 9, '2017-10-09', 0, '2017-10-09 00:45:00', '2017-10-09 04:15:00', '1', '00:00', '03:30', '00:00', '00:00'),
(227, 10, 9, '2017-10-22', 0, '2017-10-22 00:45:00', '2017-10-22 04:15:00', '1', '00:00', '03:30', '03:30', '00:00'),
(228, 6, 9, '2017-10-03', 0, '2017-10-03 00:45:00', '2017-10-03 04:15:00', '1', '00:00', '03:30', '00:00', '00:00'),
(229, 6, 9, '2017-10-04', 0, '2017-10-04 00:45:00', '2017-10-04 04:15:00', '1', '00:00', '03:30', '00:00', '00:00'),
(230, 6, 9, '2017-10-05', 0, '2017-10-05 00:45:00', '2017-10-05 04:15:00', '1', '00:00', '03:30', '00:00', '00:00'),
(231, 6, 9, '2017-10-06', 0, '2017-10-06 00:45:00', '2017-10-06 04:15:00', '1', '00:00', '03:30', '00:00', '00:00'),
(232, 6, 9, '2017-10-10', 0, '2017-10-10 00:45:00', '2017-10-10 04:15:00', '1', '00:00', '03:30', '00:00', '00:00'),
(233, 6, 9, '2017-10-11', 0, '2017-10-11 00:45:00', '2017-10-11 04:15:00', '1', '00:00', '03:30', '00:00', '00:00'),
(234, 10, 9, '2017-10-12', 0, '2017-10-12 00:45:00', '2017-10-12 04:15:00', '0', '00:00', '03:30', '00:00', '00:00'),
(235, 6, 9, '2017-10-13', 0, '2017-10-13 00:45:00', '2017-10-13 04:15:00', '1', '00:00', '03:30', '00:00', '00:00'),
(236, 6, 9, '2017-10-17', 0, '2017-10-17 00:45:00', '2017-10-17 04:15:00', '1', '00:00', '03:30', '00:00', '00:00'),
(237, 6, 9, '2017-10-18', 0, '2017-10-18 00:45:00', '2017-10-18 04:15:00', '1', '00:00', '03:30', '00:00', '00:00'),
(238, 6, 9, '2017-10-19', 0, '2017-10-19 00:45:00', '2017-10-19 04:15:00', '1', '00:00', '03:30', '00:00', '00:00'),
(239, 6, 9, '2017-10-20', 0, '2017-10-20 00:45:00', '2017-10-20 04:15:00', '1', '00:00', '03:30', '00:00', '00:00'),
(240, 6, 9, '2017-10-21', 0, '2017-10-21 00:45:00', '2017-10-21 04:15:00', '1', '00:00', '03:30', '00:00', '00:00'),
(241, 6, 9, '2017-10-31', 0, '2017-10-31 00:45:00', '2017-10-31 04:15:00', '1', '00:00', '03:30', '00:00', '00:00'),
(242, 6, 9, '2017-11-01', 0, '2017-11-01 00:45:00', '2017-11-01 04:15:00', '1', '00:00', '03:30', '00:00', '00:00'),
(243, 24, 9, '2017-10-15', 0, '2017-10-15 00:45:00', '2017-10-15 04:15:00', '1', '00:00', '03:30', '03:30', '00:00'),
(244, 24, 9, '2017-10-16', 0, '2017-10-16 00:45:00', '2017-10-16 04:15:00', '1', '00:00', '03:30', '00:00', '00:00'),
(245, 16, 8, '2017-10-02', 0, '2017-10-02 01:00:00', '2017-10-02 04:15:00', '1', '00:00', '03:15', '00:00', '00:00'),
(246, 31, 8, '2017-10-03', 0, '2017-10-03 01:00:00', '2017-10-03 04:05:00', '1', '00:00', '03:05', '00:00', '00:00'),
(247, 31, 8, '2017-10-04', 0, '2017-10-04 01:00:00', '2017-10-04 04:05:00', '1', '00:00', '03:05', '00:00', '00:00'),
(248, 32, 8, '2017-10-05', 0, '2017-10-05 01:00:00', '2017-10-05 04:05:00', '1', '00:00', '03:05', '00:00', '00:00'),
(249, 32, 8, '2017-10-06', 0, '2017-10-06 01:00:00', '2017-10-06 04:05:00', '1', '00:00', '03:05', '00:00', '00:00'),
(250, 16, 8, '2017-10-07', 0, '2017-10-07 01:00:00', '2017-10-07 04:05:00', '1', '00:00', '03:05', '00:00', '00:00'),
(251, 16, 8, '2017-10-08', 0, '2017-10-08 01:00:00', '2017-10-08 04:05:00', '1', '00:00', '03:05', '03:05', '00:00'),
(252, 16, 8, '2017-10-09', 0, '2017-10-09 01:00:00', '2017-10-09 04:05:00', '1', '00:00', '03:05', '00:00', '00:00'),
(253, 31, 8, '2017-10-10', 0, '2017-10-10 01:00:00', '2017-10-10 04:05:00', '1', '00:00', '03:05', '00:00', '00:00'),
(254, 31, 8, '2017-10-11', 0, '2017-10-11 01:00:00', '2017-10-11 04:05:00', '1', '00:00', '03:05', '00:00', '00:00'),
(255, 32, 8, '2017-10-12', 0, '2017-10-12 01:00:00', '2017-10-12 04:05:00', '1', '00:00', '03:05', '00:00', '00:00'),
(256, 32, 8, '2017-10-13', 0, '2017-10-13 01:00:00', '2017-10-13 04:05:00', '1', '00:00', '03:05', '00:00', '00:00'),
(257, 16, 8, '2017-10-14', 0, '2017-10-14 01:00:00', '2017-10-14 04:05:00', '1', '00:00', '03:05', '00:00', '00:00'),
(258, 16, 8, '2017-10-15', 0, '2017-10-15 01:00:00', '2017-10-15 04:05:00', '1', '00:00', '03:05', '03:05', '00:00'),
(259, 16, 8, '2017-10-16', 0, '2017-10-16 01:00:00', '2017-10-16 04:15:00', '1', '00:00', '03:15', '00:00', '00:00'),
(260, 31, 8, '2017-10-17', 0, '2017-10-17 01:00:00', '2017-10-17 04:05:00', '1', '00:00', '03:05', '00:00', '00:00'),
(261, 31, 8, '2017-10-18', 0, '2017-10-18 01:00:00', '2017-10-18 04:05:00', '1', '00:00', '03:05', '00:00', '00:00'),
(262, 32, 8, '2017-10-19', 0, '2017-10-19 01:00:00', '2017-10-19 04:05:00', '1', '00:00', '03:05', '00:00', '00:00'),
(263, 32, 8, '2017-10-20', 0, '2017-10-20 01:00:00', '2017-10-20 04:05:00', '1', '00:00', '03:05', '00:00', '00:00'),
(264, 16, 8, '2017-10-21', 0, '2017-10-21 01:00:00', '2017-10-21 04:05:00', '1', '00:00', '03:05', '00:00', '00:00'),
(265, 16, 8, '2017-10-22', 0, '2017-10-22 01:00:00', '2017-10-22 04:05:00', '1', '00:00', '03:05', '03:05', '00:00'),
(266, 16, 8, '2017-10-23', 0, '2017-10-23 01:00:00', '2017-10-23 04:15:00', '1', '00:00', '03:15', '00:00', '00:00'),
(267, 31, 8, '2017-10-24', 0, '2017-10-24 01:00:00', '2017-10-24 04:05:00', '1', '00:00', '03:05', '00:00', '00:00'),
(268, 31, 8, '2017-10-25', 0, '2017-10-25 01:00:00', '2017-10-25 04:05:00', '1', '00:00', '03:05', '00:00', '00:00'),
(269, 32, 8, '2017-10-26', 0, '2017-10-26 01:00:00', '2017-10-26 04:05:00', '1', '00:00', '03:05', '00:00', '00:00'),
(270, 32, 8, '2017-10-27', 0, '2017-10-27 01:00:00', '2017-10-27 04:15:00', '1', '00:00', '03:15', '00:00', '00:00'),
(271, 16, 8, '2017-10-28', 0, '2017-10-28 01:00:00', '2017-10-28 04:05:00', '1', '00:00', '03:05', '00:00', '00:00'),
(272, 16, 8, '2017-10-29', 0, '2017-10-29 01:00:00', '2017-10-29 04:05:00', '1', '00:00', '03:05', '04:05', '00:00'),
(273, 16, 8, '2017-10-30', 0, '2017-10-30 01:00:00', '2017-10-30 04:05:00', '1', '00:00', '03:05', '00:00', '00:00'),
(274, 31, 8, '2017-10-31', 0, '2017-10-31 01:00:00', '2017-10-31 04:05:00', '1', '00:00', '03:05', '00:00', '00:00'),
(275, 31, 8, '2017-11-01', 0, '2017-11-01 01:00:00', '2017-11-01 04:05:00', '1', '00:00', '03:05', '00:00', '00:00'),
(276, 16, 8, '2017-10-01', 0, '2017-10-01 01:00:00', '2017-10-01 04:05:00', '1', '00:00', '03:05', '03:05', '00:00'),
(277, 10, 8, '2017-10-01', 0, '2017-10-01 00:45:00', '2017-10-01 04:15:00', '0', '00:00', '03:05', '03:30', '00:00'),
(278, 10, 9, '2017-10-01', 0, '2017-10-01 00:45:00', '2017-10-01 04:15:00', '1', '00:00', '03:30', '03:30', '00:00'),
(279, 6, 9, '2017-10-07', 0, '2017-10-07 00:45:00', '2017-10-07 04:15:00', '1', '00:00', '03:30', '00:00', '00:00'),
(280, 6, 9, '2017-10-14', 0, '2017-10-14 00:45:00', '2017-10-14 04:15:00', '1', '00:00', '03:30', '00:00', '00:00'),
(281, 6, 9, '2017-10-12', 0, '2017-10-12 00:45:00', '2017-10-12 04:15:00', '1', '00:00', '03:30', '00:00', '00:00'),
(282, 10, 9, '2017-10-23', 0, '2017-10-23 00:45:00', '2017-10-23 04:15:00', '1', '00:00', '03:30', '00:00', '00:00'),
(283, 6, 9, '2017-10-24', 0, '2017-10-24 00:45:00', '2017-10-24 04:15:00', '1', '00:00', '03:30', '00:00', '00:00'),
(284, 6, 9, '2017-10-25', 0, '2017-10-25 00:45:00', '2017-10-25 04:15:00', '1', '00:00', '03:30', '00:00', '00:00'),
(285, 6, 9, '2017-10-26', 0, '2017-10-26 00:45:00', '2017-10-26 04:15:00', '1', '00:00', '03:30', '00:00', '00:00'),
(286, 6, 9, '2017-10-27', 0, '2017-10-27 00:45:00', '2017-10-27 04:15:00', '1', '00:00', '03:30', '00:00', '00:00'),
(287, 10, 9, '2017-10-28', 0, '2017-10-28 00:45:00', '2017-10-28 04:15:00', '1', '00:00', '03:30', '00:00', '00:00'),
(288, 10, 9, '2017-10-29', 0, '2017-10-29 00:45:00', '2017-10-29 04:15:00', '1', '00:00', '03:30', '04:30', '00:00'),
(289, 10, 9, '2017-10-30', 0, '2017-10-30 00:45:00', '2017-10-30 04:15:00', '1', '00:00', '03:30', '00:00', '00:00'),
(290, 12, 5, '2017-10-01', 1, '2017-10-01 06:30:00', '2017-10-01 18:30:00', '1', '12:00', '00:00', '12:00', '00:00'),
(291, 14, 5, '2017-10-01', 1, '2017-10-01 18:30:00', '2017-10-02 06:30:00', '1', '03:00', '09:00', '05:30', '00:00'),
(292, 8, 2, '2017-10-01', 1, '2017-10-01 08:00:00', '2017-10-01 20:00:00', '1', '12:00', '00:00', '12:00', '00:00'),
(293, 28, 2, '2017-10-01', 1, '2017-10-01 20:00:00', '2017-10-02 08:00:00', '1', '03:00', '09:00', '04:00', '00:00'),
(294, 21, 2, '2017-10-02', 1, '2017-10-02 08:00:00', '2017-10-02 20:00:00', '1', '12:00', '00:00', '00:00', '00:00'),
(295, 18, 2, '2017-10-02', 1, '2017-10-02 20:00:00', '2017-10-03 08:00:00', '1', '03:00', '09:00', '00:00', '00:00'),
(296, 28, 2, '2017-10-03', 1, '2017-10-03 08:00:00', '2017-10-03 20:00:00', '1', '12:00', '00:00', '00:00', '00:00'),
(297, 18, 2, '2017-10-03', 1, '2017-10-03 20:00:00', '2017-10-04 08:00:00', '1', '03:00', '09:00', '00:00', '00:00'),
(298, 28, 2, '2017-10-04', 1, '2017-10-04 08:00:00', '2017-10-04 20:00:00', '1', '12:00', '00:00', '00:00', '00:00'),
(299, 21, 2, '2017-10-04', 0, '2017-10-04 20:00:00', '2017-10-05 08:00:00', '0', '03:00', '09:00', '00:00', '00:00'),
(300, 21, 2, '2017-10-04', 1, '2017-10-04 20:00:00', '2017-10-05 08:00:00', '1', '03:00', '09:00', '00:00', '00:00'),
(301, 28, 2, '2017-10-05', 1, '2017-10-05 08:00:00', '2017-10-05 20:00:00', '1', '12:00', '00:00', '00:00', '00:00'),
(302, 33, 2, '2017-10-05', 1, '2017-10-05 20:00:00', '2017-10-06 08:00:00', '1', '03:00', '09:00', '00:00', '00:00'),
(303, 28, 2, '2017-10-06', 1, '2017-10-06 08:00:00', '2017-10-06 20:00:00', '1', '12:00', '00:00', '00:00', '00:00'),
(304, 33, 2, '2017-10-06', 1, '2017-10-06 20:00:00', '2017-10-07 08:00:00', '1', '03:00', '09:00', '00:00', '00:00'),
(305, 28, 2, '2017-10-07', 1, '2017-10-07 08:00:00', '2017-10-07 20:00:00', '1', '12:00', '00:00', '00:00', '00:00'),
(306, 33, 2, '2017-10-23', 0, '2017-10-08 20:00:00', '2017-10-09 08:00:00', '0', '03:00', '09:00', '08:00', '00:00'),
(307, 8, 2, '2017-10-08', 1, '2017-10-08 08:00:00', '2017-10-08 20:00:00', '1', '12:00', '00:00', '12:00', '00:00'),
(308, 21, 2, '2017-10-08', 1, '2017-10-08 20:00:00', '2017-10-09 08:00:00', '1', '03:00', '09:00', '04:00', '00:00'),
(309, 9, 2, '2017-10-09', 1, '2017-10-09 08:00:00', '2017-10-09 20:00:00', '1', '12:00', '00:00', '00:00', '00:00'),
(310, 18, 2, '2017-10-09', 1, '2017-10-09 20:00:00', '2017-10-10 08:00:00', '1', '03:00', '09:00', '00:00', '00:00'),
(311, 9, 2, '2017-10-10', 1, '2017-10-10 08:00:00', '2017-10-10 20:00:00', '1', '12:00', '00:00', '00:00', '00:00'),
(312, 18, 2, '2017-10-10', 1, '2017-10-10 20:00:00', '2017-10-11 08:00:00', '1', '03:00', '09:00', '00:00', '00:00'),
(313, 9, 2, '2017-10-11', 1, '2017-10-11 08:00:00', '2017-10-11 20:00:00', '1', '12:00', '00:00', '00:00', '00:00'),
(314, 21, 2, '2017-10-11', 1, '2017-10-11 20:00:00', '2017-10-12 08:00:00', '1', '03:00', '09:00', '00:00', '00:00'),
(315, 9, 2, '2017-10-12', 1, '2017-10-12 08:00:00', '2017-10-12 20:00:00', '1', '12:00', '00:00', '00:00', '00:00'),
(316, 33, 2, '2017-10-12', 1, '2017-10-12 20:00:00', '2017-10-13 08:00:00', '1', '03:00', '09:00', '00:00', '00:00'),
(317, 9, 2, '2017-10-13', 1, '2017-10-13 08:00:00', '2017-10-13 20:00:00', '1', '12:00', '00:00', '00:00', '00:00'),
(318, 33, 2, '2017-10-13', 1, '2017-10-13 20:00:00', '2017-10-14 08:00:00', '1', '03:00', '09:00', '00:00', '00:00'),
(319, 9, 2, '2017-10-14', 1, '2017-10-14 08:00:00', '2017-10-14 20:00:00', '1', '12:00', '00:00', '00:00', '00:00'),
(320, 33, 2, '2017-10-14', 1, '2017-10-14 20:00:00', '2017-10-15 08:00:00', '1', '03:00', '09:00', '08:00', '00:00'),
(321, 8, 2, '2017-10-15', 1, '2017-10-15 08:00:00', '2017-10-15 20:00:00', '1', '12:00', '00:00', '12:00', '00:00'),
(322, 18, 2, '2017-10-15', 1, '2017-10-15 20:00:00', '2017-10-16 08:00:00', '1', '03:00', '09:00', '04:00', '00:00'),
(323, 21, 2, '2017-10-16', 1, '2017-10-16 08:00:00', '2017-10-20 20:00:00', '0', '27:00', '81:00', '00:00', '00:00'),
(324, 21, 2, '2017-10-16', 1, '2017-10-16 08:00:00', '2017-10-16 20:00:00', '1', '12:00', '00:00', '00:00', '00:00'),
(325, 18, 2, '2017-10-16', 1, '2017-10-16 20:00:00', '2017-10-17 08:00:00', '1', '03:00', '09:00', '00:00', '00:00'),
(326, 9, 2, '2017-10-17', 1, '2017-10-17 08:00:00', '2017-10-17 20:00:00', '1', '12:00', '00:00', '00:00', '00:00'),
(327, 18, 2, '2017-10-17', 1, '2017-10-17 20:00:00', '2017-10-18 08:00:00', '1', '03:00', '09:00', '00:00', '00:00'),
(328, 9, 2, '2017-10-18', 1, '2017-10-18 08:00:00', '2017-10-18 20:00:00', '1', '12:00', '00:00', '00:00', '00:00'),
(329, 21, 2, '2017-10-18', 1, '2017-10-18 20:00:00', '2017-10-19 08:00:00', '1', '03:00', '09:00', '00:00', '00:00'),
(330, 9, 2, '2017-10-19', 1, '2017-10-19 08:00:00', '2017-10-19 20:00:00', '1', '12:00', '00:00', '00:00', '00:00'),
(331, 33, 2, '2017-10-19', 1, '2017-10-19 20:00:00', '2017-10-20 08:00:00', '1', '03:00', '09:00', '00:00', '00:00'),
(332, 9, 2, '2017-10-20', 1, '2017-10-20 08:00:00', '2017-10-20 20:00:00', '1', '12:00', '00:00', '00:00', '00:00'),
(333, 33, 2, '2017-10-20', 1, '2017-10-20 20:00:00', '2017-10-21 08:00:00', '1', '03:00', '09:00', '00:00', '00:00'),
(334, 9, 2, '2017-10-21', 1, '2017-10-21 08:00:00', '2017-10-21 20:00:00', '1', '12:00', '00:00', '00:00', '00:00'),
(335, 33, 2, '2017-10-21', 1, '2017-10-21 20:00:00', '2017-10-22 08:00:00', '1', '03:00', '09:00', '08:00', '00:00'),
(336, 8, 2, '2017-10-22', 1, '2017-10-22 08:00:00', '2017-10-22 20:00:00', '1', '12:00', '00:00', '12:00', '00:00'),
(337, 18, 2, '2017-10-22', 1, '2017-10-22 20:00:00', '2017-10-23 08:00:00', '1', '03:00', '09:00', '04:00', '00:00'),
(338, 21, 2, '2017-10-23', 1, '2017-10-23 08:00:00', '2017-10-23 20:00:00', '1', '12:00', '00:00', '00:00', '00:00'),
(339, 18, 2, '2017-10-23', 1, '2017-10-23 20:00:00', '2017-10-24 08:00:00', '1', '03:00', '09:00', '00:00', '00:00'),
(340, 9, 2, '2017-10-24', 1, '2017-10-24 08:00:00', '2017-10-24 20:00:00', '1', '12:00', '00:00', '00:00', '00:00'),
(341, 18, 2, '2017-10-24', 1, '2017-10-24 20:00:00', '2017-10-25 08:00:00', '1', '03:00', '09:00', '00:00', '00:00'),
(342, 9, 2, '2017-10-25', 1, '2017-10-25 08:00:00', '2017-10-25 20:00:00', '1', '12:00', '00:00', '00:00', '00:00'),
(343, 18, 2, '2017-10-25', 1, '2017-10-25 20:00:00', '2017-10-26 08:00:00', '1', '03:00', '09:00', '00:00', '00:00'),
(344, 9, 2, '2017-10-26', 1, '2017-10-26 08:00:00', '2017-10-26 20:00:00', '1', '12:00', '00:00', '00:00', '00:00'),
(345, 33, 2, '2017-10-26', 1, '2017-10-26 20:00:00', '2017-10-27 08:00:00', '1', '03:00', '09:00', '00:00', '00:00'),
(346, 9, 2, '2017-10-27', 1, '2017-10-27 08:00:00', '2017-10-27 20:00:00', '1', '12:00', '00:00', '00:00', '00:00'),
(347, 33, 2, '2017-10-27', 1, '2017-10-27 20:00:00', '2017-10-28 08:00:00', '1', '03:00', '09:00', '00:00', '00:00'),
(348, 9, 2, '2017-10-28', 1, '2017-10-28 08:00:00', '2017-10-28 20:00:00', '1', '12:00', '00:00', '00:00', '00:00'),
(349, 33, 2, '2017-10-28', 1, '2017-10-28 20:00:00', '2017-10-29 08:00:00', '1', '03:00', '10:00', '08:00', '00:00'),
(350, 8, 2, '2017-10-29', 1, '2017-10-29 08:00:00', '2017-10-29 20:00:00', '1', '12:00', '00:00', '12:00', '00:00'),
(351, 18, 2, '2017-10-29', 1, '2017-10-29 20:00:00', '2017-10-30 08:00:00', '1', '03:00', '09:00', '04:00', '00:00'),
(352, 9, 2, '2017-10-30', 1, '2017-10-30 08:00:00', '2017-10-30 20:00:00', '1', '12:00', '00:00', '00:00', '00:00'),
(353, 28, 2, '2017-10-30', 1, '2017-10-30 20:00:00', '2017-10-31 08:00:00', '1', '03:00', '09:00', '00:00', '00:00'),
(354, 9, 2, '2017-10-31', 1, '2017-10-31 08:00:00', '2017-10-31 20:00:00', '1', '12:00', '00:00', '00:00', '00:00'),
(355, 28, 2, '2017-10-31', 1, '2017-10-31 20:00:00', '2017-11-01 08:00:00', '1', '03:00', '09:00', '00:00', '00:00'),
(356, 33, 2, '2017-10-07', 1, '2017-10-07 20:00:00', '2017-10-08 08:00:00', '1', '03:00', '09:00', '08:00', '00:00'),
(357, 23, 5, '2017-10-02', 1, '2017-10-02 06:30:00', '2017-10-02 18:30:00', '1', '12:00', '00:00', '00:00', '00:00'),
(358, 14, 5, '2017-10-02', 1, '2017-10-02 18:30:00', '2017-10-03 06:30:00', '1', '03:00', '09:00', '00:00', '00:00'),
(359, 23, 5, '2017-10-03', 1, '2017-10-03 06:30:00', '2017-10-03 18:30:00', '1', '12:00', '00:00', '00:00', '00:00'),
(360, 14, 5, '2017-10-03', 1, '2017-10-03 18:30:00', '2017-10-04 06:30:00', '1', '03:00', '09:00', '00:00', '00:00'),
(361, 2, 5, '2017-10-04', 1, '2017-10-04 06:30:00', '2017-10-04 18:30:00', '1', '12:00', '00:00', '00:00', '00:00'),
(362, 14, 5, '2017-10-04', 1, '2017-10-04 18:30:00', '2017-10-05 06:30:00', '1', '03:00', '09:00', '00:00', '00:00'),
(363, 2, 5, '2017-10-05', 1, '2017-10-05 06:30:00', '2017-10-05 18:30:00', '1', '12:00', '00:00', '00:00', '00:00'),
(364, 12, 5, '2017-10-05', 1, '2017-10-05 18:30:00', '2017-10-06 06:30:00', '1', '03:00', '09:00', '00:00', '00:00'),
(365, 23, 5, '2017-10-06', 1, '2017-10-06 06:30:00', '2017-10-06 18:30:00', '1', '12:00', '00:00', '00:00', '00:00'),
(366, 23, 5, '2017-09-24', 1, '2017-09-24 06:30:00', '2017-10-06 18:30:00', '0', '27:00', '273:00', '17:30', '00:00'),
(367, 5, 5, '2017-10-06', 1, '2017-10-06 18:30:00', '2017-10-07 06:30:00', '1', '03:00', '09:00', '00:00', '00:00'),
(368, 12, 5, '2017-10-07', 1, '2017-10-07 06:30:00', '2017-10-07 18:30:00', '1', '12:00', '00:00', '00:00', '00:00'),
(369, 5, 5, '2017-10-07', 1, '2017-10-07 18:30:00', '2017-10-08 06:30:00', '1', '03:00', '09:00', '06:30', '00:00'),
(370, 2, 5, '2017-10-08', 1, '2017-10-08 18:30:00', '2017-10-09 06:30:00', '1', '03:00', '09:00', '05:30', '00:00'),
(371, 12, 5, '2017-10-08', 1, '2017-10-08 06:30:00', '2017-10-08 18:30:00', '1', '12:00', '00:00', '12:00', '00:00'),
(372, 23, 5, '2017-10-09', 1, '2017-10-09 06:30:00', '2017-10-09 18:30:00', '1', '12:00', '00:00', '00:00', '00:00'),
(373, 14, 5, '2017-10-09', 1, '2017-10-09 18:30:00', '2017-10-10 06:30:00', '1', '03:00', '09:00', '00:00', '00:00'),
(374, 23, 5, '2017-10-10', 1, '2017-10-10 06:30:00', '2017-10-10 18:30:00', '1', '12:00', '00:00', '00:00', '00:00'),
(375, 14, 5, '2017-10-10', 1, '2017-10-10 18:30:00', '2017-10-11 06:30:00', '1', '03:00', '09:00', '00:00', '00:00'),
(376, 2, 5, '2017-10-11', 1, '2017-10-11 06:30:00', '2017-10-11 18:30:00', '1', '12:00', '00:00', '00:00', '00:00'),
(377, 14, 5, '2017-10-11', 1, '2017-10-11 18:30:00', '2017-10-12 06:30:00', '1', '03:00', '09:00', '00:00', '00:00'),
(378, 2, 5, '2017-10-12', 1, '2017-10-12 06:30:00', '2017-10-12 18:30:00', '1', '12:00', '00:00', '00:00', '00:00'),
(379, 12, 5, '2017-10-12', 1, '2017-10-12 18:30:00', '2017-10-13 06:30:00', '1', '03:00', '09:00', '00:00', '00:00'),
(380, 5, 5, '2017-10-14', 1, '2017-10-14 18:30:00', '2017-10-15 06:30:00', '1', '03:00', '09:00', '06:30', '00:00'),
(381, 12, 5, '2017-10-24', 1, '2017-10-24 06:30:00', '2017-10-24 18:30:00', '0', '12:00', '00:00', '00:00', '00:00'),
(382, 2, 5, '2017-10-15', 1, '2017-10-15 18:30:00', '2017-10-16 06:30:00', '1', '03:00', '09:00', '05:30', '00:00'),
(383, 23, 5, '2017-10-16', 1, '2017-10-16 06:30:00', '2017-10-16 18:30:00', '1', '12:00', '00:00', '00:00', '00:00'),
(384, 14, 5, '2017-10-16', 1, '2017-10-16 18:30:00', '2017-10-17 06:30:00', '1', '03:00', '09:00', '00:00', '00:00'),
(385, 23, 5, '2017-10-17', 1, '2017-10-17 06:30:00', '2017-10-17 18:30:00', '1', '12:00', '00:00', '00:00', '00:00'),
(386, 14, 5, '2017-10-17', 1, '2017-10-17 18:30:00', '2017-10-18 06:30:00', '1', '03:00', '09:00', '00:00', '00:00'),
(387, 5, 5, '2017-10-18', 1, '2017-10-18 18:30:00', '2017-10-19 06:30:00', '1', '03:00', '09:00', '00:00', '00:00'),
(388, 2, 5, '2017-10-18', 1, '2017-10-18 06:30:00', '2017-10-18 18:30:00', '1', '12:00', '00:00', '00:00', '00:00'),
(389, 2, 5, '2017-10-19', 1, '2017-10-19 06:30:00', '2017-10-19 18:30:00', '1', '12:00', '00:00', '00:00', '00:00'),
(390, 5, 5, '2017-10-19', 1, '2017-10-19 18:30:00', '2017-10-20 06:30:00', '1', '03:00', '09:00', '00:00', '00:00'),
(391, 23, 5, '2017-10-20', 1, '2017-10-20 06:30:00', '2017-10-20 18:30:00', '1', '12:00', '00:00', '00:00', '00:00'),
(392, 12, 5, '2017-10-20', 1, '2017-10-20 18:30:00', '2017-10-21 06:30:00', '1', '03:00', '09:00', '00:00', '00:00'),
(393, 2, 5, '2017-10-21', 1, '2017-10-21 06:30:00', '2017-10-21 18:30:00', '1', '12:00', '00:00', '00:00', '00:00'),
(394, 2, 5, '2017-10-22', 1, '2017-10-22 06:30:00', '2017-10-22 18:30:00', '1', '12:00', '00:00', '12:00', '00:00'),
(395, 12, 5, '2017-10-22', 1, '2017-10-22 18:30:00', '2017-10-23 06:30:00', '1', '03:00', '09:00', '05:30', '00:00'),
(396, 23, 5, '2017-10-23', 1, '2017-10-23 06:30:00', '2017-10-23 18:30:00', '1', '12:00', '00:00', '00:00', '00:00'),
(397, 14, 5, '2017-10-23', 1, '2017-10-23 18:30:00', '2017-10-24 06:30:00', '1', '03:00', '09:00', '00:00', '00:00'),
(398, 23, 5, '2017-10-24', 1, '2017-10-24 06:30:00', '2017-10-24 18:30:00', '1', '12:00', '00:00', '00:00', '00:00'),
(399, 12, 5, '2017-10-24', 1, '2017-10-24 18:30:00', '2017-10-25 06:30:00', '1', '03:00', '09:00', '00:00', '00:00'),
(400, 2, 5, '2017-10-24', 1, '2017-10-24 06:30:00', '2017-10-25 18:30:00', '0', '27:00', '09:00', '00:00', '00:00'),
(401, 12, 5, '2017-10-25', 1, '2017-10-25 18:30:00', '2017-10-26 06:30:00', '1', '03:00', '09:00', '00:00', '00:00'),
(402, 2, 5, '2017-10-26', 1, '2017-10-26 06:30:00', '2017-10-26 18:30:00', '1', '12:00', '00:00', '00:00', '00:00'),
(403, 14, 5, '2017-10-26', 1, '2017-10-26 18:30:00', '2017-10-27 06:30:00', '1', '03:00', '09:00', '00:00', '00:00'),
(404, 23, 5, '2017-10-27', 1, '2017-10-27 06:30:00', '2017-10-27 18:30:00', '1', '12:00', '00:00', '00:00', '00:00'),
(405, 5, 5, '2017-10-27', 1, '2017-10-27 18:30:00', '2017-10-28 06:30:00', '1', '03:00', '09:00', '00:00', '00:00'),
(406, 12, 5, '2017-10-28', 1, '2017-10-28 06:30:00', '2017-10-28 18:30:00', '1', '12:00', '00:00', '00:00', '00:00'),
(407, 5, 5, '2017-10-28', 1, '2017-10-28 18:30:00', '2017-10-29 06:30:00', '1', '03:00', '10:00', '06:30', '00:00'),
(408, 14, 5, '2017-10-29', 1, '2017-10-29 06:30:00', '2017-10-29 18:30:00', '1', '12:00', '00:00', '12:00', '00:00'),
(409, 2, 5, '2017-10-29', 1, '2017-10-29 18:30:00', '2017-10-30 06:30:00', '1', '03:00', '09:00', '05:30', '00:00'),
(410, 23, 5, '2017-10-30', 1, '2017-10-30 06:30:00', '2017-10-30 18:30:00', '1', '12:00', '00:00', '00:00', '00:00'),
(411, 14, 5, '2017-10-30', 1, '2017-10-30 18:30:00', '2017-10-31 06:30:00', '1', '03:00', '09:00', '00:00', '00:00'),
(412, 23, 5, '2017-10-31', 1, '2017-10-31 06:30:00', '2017-10-31 18:30:00', '1', '12:00', '00:00', '00:00', '00:00'),
(413, 14, 5, '2017-10-31', 1, '2017-10-31 18:30:00', '2017-11-01 06:30:00', '1', '03:00', '09:00', '00:00', '00:00'),
(414, 23, 5, '2017-10-13', 1, '2017-10-13 06:30:00', '2017-10-13 18:30:00', '1', '12:00', '00:00', '00:00', '00:00'),
(415, 5, 5, '2017-10-13', 1, '2017-10-13 18:30:00', '2017-10-14 06:30:00', '1', '03:00', '09:00', '00:00', '00:00'),
(416, 12, 5, '2017-10-14', 1, '2017-10-14 06:30:00', '2017-10-14 18:30:00', '1', '12:00', '00:00', '00:00', '00:00'),
(417, 12, 5, '2017-10-21', 1, '2017-10-21 18:30:00', '2017-10-22 06:30:00', '1', '03:00', '09:00', '06:30', '00:00'),
(418, 2, 5, '2017-10-25', 1, '2017-10-25 06:30:00', '2017-10-25 18:30:00', '1', '12:00', '00:00', '00:00', '00:00'),
(419, 12, 5, '2017-10-15', 1, '2017-10-15 06:30:00', '2017-10-15 18:30:00', '1', '12:00', '00:00', '12:00', '00:00'),
(420, 24, 3, '2017-09-01', 1, '2017-09-01 18:00:00', '2017-09-02 00:30:00', '1', '03:00', '03:30', '00:00', '00:00'),
(421, 1, 3, '2017-09-02', 1, '2017-09-02 00:30:00', '2017-09-02 08:00:00', '1', '02:00', '05:30', '00:00', '00:00'),
(422, 11, 3, '2017-09-02', 1, '2017-09-02 08:00:00', '2017-09-02 20:00:00', '1', '12:00', '00:00', '00:00', '00:00'),
(423, 24, 3, '2017-09-02', 0, '2017-09-02 20:00:00', '2017-09-03 00:30:00', '1', '01:00', '03:30', '00:30', '00:00'),
(424, 1, 3, '2017-09-03', 1, '2017-09-03 00:30:00', '2017-09-03 08:00:00', '1', '02:00', '05:30', '07:30', '00:00'),
(425, 24, 3, '2017-09-04', 1, '2017-09-04 18:00:00', '2017-09-05 00:30:00', '1', '03:00', '03:30', '00:00', '00:00'),
(426, 26, 3, '2017-09-05', 1, '2017-09-05 18:00:00', '2017-09-06 00:30:00', '1', '03:00', '03:30', '00:00', '00:00'),
(427, 17, 3, '2017-09-06', 1, '2017-09-06 18:00:00', '2017-09-07 00:30:00', '1', '03:00', '03:30', '00:00', '00:00'),
(428, 17, 3, '2017-09-07', 1, '2017-09-07 18:00:00', '2017-09-08 00:30:00', '1', '03:00', '03:30', '00:00', '00:00'),
(429, 1, 3, '2017-09-04', 1, '2017-09-04 00:30:00', '2017-09-04 08:00:00', '1', '02:00', '05:30', '00:00', '00:00'),
(430, 11, 3, '2017-09-05', 1, '2017-09-05 00:30:00', '2017-09-05 08:00:00', '1', '02:00', '05:30', '00:00', '00:00'),
(431, 11, 3, '2017-09-06', 1, '2017-09-06 00:30:00', '2017-09-06 08:00:00', '1', '02:00', '05:30', '00:00', '00:00'),
(432, 20, 3, '2017-09-07', 1, '2017-09-07 00:30:00', '2017-09-07 08:00:00', '1', '02:00', '05:30', '00:00', '00:00'),
(433, 20, 3, '2017-09-08', 1, '2017-09-08 00:30:00', '2017-09-08 08:00:00', '1', '02:00', '05:30', '00:00', '00:00');
INSERT INTO `vacation` (`id`, `agent_id`, `site_id`, `date_vacation`, `heure_panier`, `heure_deb_vac`, `heure_fin_vac`, `etat`, `heure_jour`, `heure_nuit`, `heure_dimanche`, `heure_ferie`) VALUES
(434, 11, 3, '2017-09-03', 1, '2017-09-03 08:00:00', '2017-09-03 20:00:00', '1', '12:00', '00:00', '12:00', '00:00'),
(435, 24, 3, '2017-09-03', 0, '2017-09-03 20:00:00', '2017-09-04 00:30:00', '1', '01:00', '03:30', '04:00', '00:00'),
(436, 17, 3, '2017-09-08', 1, '2017-09-08 18:00:00', '2017-09-09 00:30:00', '1', '03:00', '03:30', '00:00', '00:00'),
(437, 1, 3, '2017-09-09', 1, '2017-09-09 00:30:00', '2017-09-09 08:00:00', '1', '02:00', '05:30', '00:00', '00:00'),
(438, 11, 3, '2017-09-09', 1, '2017-09-09 08:00:00', '2017-09-09 20:00:00', '1', '12:00', '00:00', '00:00', '00:00'),
(439, 1, 3, '2017-09-09', 1, '2017-09-09 20:00:00', '2017-09-10 08:00:00', '1', '03:00', '09:00', '08:00', '00:00'),
(440, 11, 3, '2017-09-10', 1, '2017-09-10 08:00:00', '2017-09-10 20:00:00', '1', '12:00', '00:00', '12:00', '00:00'),
(441, 1, 3, '2017-09-10', 1, '2017-09-10 20:00:00', '2017-09-11 08:00:00', '1', '03:00', '09:00', '04:00', '00:00'),
(442, 24, 3, '2017-09-11', 0, '2017-09-11 18:30:00', '2017-09-12 00:30:00', '1', '02:30', '03:30', '00:00', '00:00'),
(443, 11, 3, '2017-09-12', 1, '2017-09-12 00:30:00', '2017-09-12 08:00:00', '1', '02:00', '05:30', '00:00', '00:00'),
(444, 26, 3, '2017-09-12', 1, '2017-09-12 18:00:00', '2017-09-13 00:30:00', '1', '03:00', '03:30', '00:00', '00:00'),
(445, 11, 3, '2017-09-13', 1, '2017-09-13 00:30:00', '2017-09-13 08:00:00', '1', '02:00', '05:30', '00:00', '00:00'),
(446, 20, 3, '2017-09-13', 0, '2017-09-13 18:30:00', '2017-09-14 00:30:00', '1', '02:30', '03:30', '00:00', '00:00'),
(447, 27, 3, '2017-09-14', 1, '2017-09-14 00:30:00', '2017-09-14 08:00:00', '1', '02:00', '05:30', '00:00', '00:00'),
(448, 17, 3, '2017-09-14', 0, '2017-09-14 18:30:00', '2017-09-15 00:30:00', '1', '02:30', '03:30', '00:00', '00:00'),
(449, 27, 3, '2017-09-15', 1, '2017-09-15 00:30:00', '2017-09-15 08:00:00', '1', '02:00', '05:30', '00:00', '00:00'),
(450, 17, 3, '2017-09-15', 1, '2017-09-15 18:00:00', '2017-09-16 00:30:00', '1', '03:00', '03:30', '00:00', '00:00'),
(451, 27, 3, '2017-09-16', 1, '2017-09-16 00:30:00', '2017-09-16 08:00:00', '1', '02:00', '05:30', '00:00', '00:00'),
(452, 11, 3, '2017-09-16', 1, '2017-09-16 08:00:00', '2017-09-16 20:00:00', '1', '12:00', '00:00', '00:00', '00:00'),
(453, 17, 3, '2017-09-16', 0, '2017-09-16 20:00:00', '2017-09-17 00:30:00', '1', '01:00', '03:30', '00:30', '00:00'),
(454, 1, 3, '2017-09-17', 1, '2017-09-17 00:30:00', '2017-09-17 08:00:00', '1', '02:00', '05:30', '07:30', '00:00'),
(455, 11, 3, '2017-09-17', 1, '2017-09-17 08:00:00', '2017-09-17 20:00:00', '0', '12:00', '00:00', '12:00', '00:00'),
(456, 1, 3, '2017-09-17', 1, '2017-09-17 20:00:00', '2017-09-18 08:00:00', '1', '03:00', '09:00', '04:00', '00:00'),
(457, 7, 1, '2017-09-01', 1, '2017-09-01 07:15:00', '2017-09-01 18:15:00', '0', '11:00', '00:00', '00:00', '00:00'),
(458, 7, 1, '2017-10-01', 1, '2017-10-01 19:15:00', '2017-10-02 05:15:00', '1', '01:45', '08:15', '04:45', '00:00'),
(459, 7, 1, '2017-10-02', 1, '2017-10-02 19:45:00', '2017-10-03 05:15:00', '1', '01:15', '08:15', '00:00', '00:00'),
(460, 31, 1, '2017-10-14', 1, '2017-10-14 07:15:00', '2017-10-14 19:15:00', '1', '12:00', '00:00', '00:00', '00:00'),
(461, 27, 1, '2017-10-14', 1, '2017-10-14 19:15:00', '2017-10-15 07:15:00', '1', '03:00', '09:00', '07:15', '00:00'),
(462, 31, 1, '2017-10-15', 1, '2017-10-15 07:15:00', '2017-10-15 19:15:00', '1', '12:00', '00:00', '12:00', '00:00'),
(463, 27, 1, '2017-10-15', 1, '2017-10-15 19:15:00', '2017-10-16 05:15:00', '1', '01:45', '08:15', '04:45', '00:00'),
(464, 7, 1, '2017-10-16', 1, '2017-10-16 19:45:00', '2017-10-17 05:15:00', '1', '01:15', '08:15', '00:00', '00:00'),
(465, 29, 1, '2017-10-28', 1, '2017-10-28 07:15:00', '2017-10-28 19:15:00', '1', '12:00', '00:00', '00:00', '00:00'),
(466, 29, 1, '2017-10-29', 1, '2017-10-29 07:15:00', '2017-10-29 19:15:00', '1', '12:00', '00:00', '12:00', '00:00'),
(467, 30, 1, '2017-10-31', 1, '2017-10-31 19:45:00', '2017-11-01 05:15:00', '1', '01:15', '08:15', '00:00', '00:00'),
(468, 27, 1, '2017-10-13', 1, '2017-10-13 19:15:00', '2017-10-14 07:15:00', '1', '03:00', '09:00', '00:00', '00:00'),
(469, 1, 1, '2017-08-25', 1, '2017-08-25 19:00:00', '2017-08-26 07:00:00', '1', '03:00', '09:00', '00:00', '00:00'),
(470, 1, 1, '2017-08-25', 1, '2017-08-25 19:00:00', '2017-08-26 07:00:00', '1', '03:00', '09:00', '00:00', '00:00'),
(471, 24, 3, '2017-09-18', 1, '2017-09-18 18:00:00', '2017-09-19 00:30:00', '1', '03:00', '03:30', '00:00', '00:00'),
(472, 11, 3, '2017-09-19', 1, '2017-09-19 00:30:00', '2017-09-19 08:00:00', '1', '02:00', '05:30', '00:00', '00:00'),
(473, 26, 3, '2017-09-19', 1, '2017-09-19 18:00:00', '2017-09-20 00:30:00', '1', '03:00', '03:30', '00:00', '00:00'),
(474, 11, 3, '2017-09-20', 1, '2017-09-20 00:30:00', '2017-09-20 08:00:00', '1', '02:00', '05:30', '00:00', '00:00'),
(475, 17, 3, '2017-09-20', 1, '2017-09-20 18:00:00', '2017-09-21 00:30:00', '1', '03:00', '03:30', '00:00', '00:00'),
(476, 27, 3, '2017-09-21', 1, '2017-09-21 00:30:00', '2017-09-21 08:00:00', '1', '02:00', '05:30', '00:00', '00:00'),
(477, 17, 3, '2017-09-21', 1, '2017-09-21 18:00:00', '2017-09-22 00:30:00', '1', '03:00', '03:30', '00:00', '00:00'),
(478, 27, 3, '2017-09-22', 1, '2017-09-22 00:30:00', '2017-09-22 08:00:00', '1', '02:00', '05:30', '00:00', '00:00'),
(479, 16, 3, '2017-09-22', 1, '2017-09-22 18:00:00', '2017-09-23 00:30:00', '1', '03:00', '03:30', '00:00', '00:00'),
(480, 27, 3, '2017-09-23', 1, '2017-09-23 00:30:00', '2017-09-23 08:00:00', '1', '02:00', '05:30', '00:00', '00:00'),
(481, 11, 3, '2017-09-23', 1, '2017-09-23 18:00:00', '2017-09-24 00:30:00', '0', '03:00', '03:30', '00:30', '00:00'),
(482, 16, 3, '2017-09-23', 1, '2017-09-23 20:00:00', '2017-09-24 08:00:00', '1', '03:00', '09:00', '08:00', '00:00'),
(483, 1, 3, '2017-09-24', 1, '2017-09-24 00:30:00', '2017-09-24 08:00:00', '1', '02:00', '05:30', '07:30', '00:00'),
(484, 25, 3, '2017-09-24', 1, '2017-09-24 08:00:00', '2017-09-24 20:00:00', '1', '12:00', '00:00', '12:00', '00:00'),
(485, 16, 3, '2017-09-24', 0, '2017-09-24 20:00:00', '2017-09-25 00:30:00', '1', '01:00', '03:30', '04:00', '00:00'),
(486, 1, 3, '2017-09-25', 1, '2017-09-25 00:30:00', '2017-09-25 08:00:00', '1', '02:00', '05:30', '00:00', '00:00'),
(487, 17, 3, '2017-09-25', 1, '2017-09-25 18:00:00', '2017-09-26 00:30:00', '1', '03:00', '03:30', '00:00', '00:00'),
(488, 11, 3, '2017-09-23', 1, '2017-09-23 08:00:00', '2017-09-23 20:00:00', '1', '12:00', '00:00', '00:00', '00:00'),
(489, 24, 3, '2017-09-26', 1, '2017-09-26 00:30:00', '2017-09-26 08:00:00', '1', '02:00', '05:30', '00:00', '00:00'),
(490, 17, 3, '2017-09-26', 1, '2017-09-26 18:00:00', '2017-09-27 00:30:00', '1', '03:00', '03:30', '00:00', '00:00'),
(491, 11, 3, '2017-09-27', 1, '2017-09-27 00:30:00', '2017-09-27 08:00:00', '1', '02:00', '05:30', '00:00', '00:00'),
(492, 13, 3, '2017-09-27', 1, '2017-09-27 18:00:00', '2017-09-28 00:30:00', '1', '03:00', '03:30', '00:00', '00:00'),
(493, 24, 3, '2017-09-28', 1, '2017-09-28 00:30:00', '2017-09-28 08:00:00', '1', '02:00', '05:30', '00:00', '00:00'),
(494, 13, 3, '2017-09-28', 1, '2017-09-28 18:00:00', '2017-09-29 00:30:00', '1', '03:00', '03:30', '00:00', '00:00'),
(495, 24, 3, '2017-09-29', 1, '2017-09-29 00:30:00', '2017-09-29 08:00:00', '1', '02:00', '05:30', '00:00', '00:00'),
(496, 20, 3, '2017-09-29', 1, '2017-09-29 18:00:00', '2017-09-30 00:30:00', '1', '03:00', '03:30', '00:00', '00:00'),
(497, 1, 3, '2017-09-30', 1, '2017-09-30 00:30:00', '2017-09-30 08:00:00', '1', '02:00', '05:30', '00:00', '00:00'),
(498, 11, 3, '2017-09-30', 1, '2017-09-30 08:00:00', '2017-09-30 20:00:00', '1', '12:00', '00:00', '00:00', '00:00'),
(499, 20, 3, '2017-09-30', 0, '2017-09-30 20:00:00', '2017-10-01 00:30:00', '0', '01:00', '03:30', '00:30', '00:00'),
(500, 27, 17, '2017-09-11', 0, '2017-09-11 14:00:00', '2017-09-11 19:30:00', '0', '05:30', '00:00', '00:00', '00:00'),
(501, 27, 17, '2017-09-12', 0, '2017-09-12 14:00:00', '2017-09-12 19:30:00', '0', '05:30', '00:00', '00:00', '00:00'),
(502, 27, 17, '2017-08-12', 0, '2017-08-12 14:00:00', '2017-08-12 19:30:00', '0', '05:30', '00:00', '00:00', '00:00'),
(503, 27, 17, '2017-09-18', 0, '2017-09-18 14:00:00', '2017-09-18 19:30:00', '1', '05:30', '00:00', '00:00', '00:00'),
(504, 27, 17, '2017-09-19', 0, '2017-09-19 14:00:00', '2017-09-19 19:30:00', '1', '05:30', '00:00', '00:00', '00:00'),
(505, 27, 18, '2017-09-11', 0, '2017-09-11 14:00:00', '2017-09-11 19:30:00', '1', '05:30', '00:00', '00:00', '00:00'),
(506, 27, 18, '2017-09-26', 0, '2017-09-26 14:00:00', '2017-09-26 19:30:00', '1', '05:30', '00:00', '00:00', '00:00'),
(507, 27, 18, '2017-09-27', 0, '2017-09-27 14:00:00', '2017-09-27 19:30:00', '1', '05:30', '00:00', '00:00', '00:00'),
(508, 27, 18, '2017-09-14', 0, '2017-09-14 14:00:00', '2017-09-14 19:30:00', '1', '05:30', '00:00', '00:00', '00:00'),
(509, 27, 18, '2017-09-28', 0, '2017-09-28 14:00:00', '2017-09-28 19:30:00', '1', '05:30', '00:00', '00:00', '00:00'),
(510, 27, 18, '2017-09-07', 0, '2017-09-07 14:00:00', '2017-09-07 19:30:00', '1', '05:30', '00:00', '00:00', '00:00'),
(511, 16, 8, '2017-09-01', 0, '2017-09-01 01:00:00', '2017-09-01 04:05:00', '1', '00:00', '03:05', '00:00', '00:00'),
(512, 16, 8, '2017-09-02', 0, '2017-09-02 01:00:00', '2017-09-02 04:05:00', '1', '00:00', '03:05', '00:00', '00:00'),
(513, 16, 8, '2017-09-03', 0, '2017-09-03 01:00:00', '2017-09-03 04:05:00', '1', '00:00', '03:05', '03:05', '00:00'),
(514, 16, 8, '2017-09-04', 0, '2017-09-04 01:00:00', '2017-09-04 04:05:00', '1', '00:00', '03:05', '00:00', '00:00'),
(515, 16, 8, '2017-09-06', 0, '2017-09-06 01:00:00', '2017-09-06 04:05:00', '1', '00:00', '03:05', '00:00', '00:00'),
(516, 16, 8, '2017-09-07', 0, '2017-09-07 01:00:00', '2017-09-07 04:05:00', '1', '00:00', '03:05', '00:00', '00:00'),
(517, 16, 8, '2017-09-08', 0, '2017-09-08 01:00:00', '2017-09-08 04:05:00', '1', '00:00', '03:05', '00:00', '00:00'),
(518, 16, 8, '2017-09-09', 0, '2017-09-09 01:00:00', '2017-09-09 04:05:00', '1', '00:00', '03:05', '00:00', '00:00'),
(519, 16, 8, '2017-09-10', 0, '2017-09-10 01:00:00', '2017-09-10 04:05:00', '1', '00:00', '03:05', '03:05', '00:00'),
(520, 28, 8, '2017-09-11', 0, '2017-09-11 01:00:00', '2017-09-11 04:05:00', '1', '00:00', '03:05', '00:00', '00:00'),
(521, 16, 8, '2017-09-12', 0, '2017-09-12 01:00:00', '2017-09-12 04:05:00', '0', '00:00', '03:05', '00:00', '00:00'),
(522, 16, 8, '2017-09-13', 0, '2017-09-13 01:00:00', '2017-09-13 04:05:00', '1', '00:00', '03:05', '00:00', '00:00'),
(523, 16, 8, '2017-09-14', 0, '2017-09-14 01:00:00', '2017-09-14 04:05:00', '1', '00:00', '03:05', '00:00', '00:00'),
(524, 16, 8, '2017-09-16', 0, '2017-09-16 01:00:00', '2017-09-16 04:05:00', '1', '00:00', '03:05', '00:00', '00:00'),
(525, 16, 8, '2017-09-17', 0, '2017-09-17 01:00:00', '2017-09-17 04:05:00', '1', '00:00', '03:05', '03:05', '00:00'),
(526, 16, 8, '2017-09-05', 0, '2017-09-05 01:00:00', '2017-09-05 04:05:00', '1', '00:00', '03:05', '00:00', '00:00'),
(527, 28, 8, '2017-09-18', 0, '2017-09-18 01:00:00', '2017-09-18 04:05:00', '1', '00:00', '03:05', '00:00', '00:00'),
(528, 16, 8, '2017-09-19', 0, '2017-09-19 01:00:00', '2017-09-19 04:05:00', '1', '00:00', '03:05', '00:00', '00:00'),
(529, 16, 8, '2017-09-20', 0, '2017-09-20 01:00:00', '2017-09-20 04:05:00', '0', '00:00', '03:05', '00:00', '00:00'),
(530, 16, 8, '2017-09-21', 0, '2017-09-21 01:00:00', '2017-09-21 05:00:00', '0', '00:00', '04:00', '00:00', '00:00'),
(531, 16, 8, '2017-09-21', 1, '2017-09-21 21:55:00', '2017-09-22 04:05:00', '1', '00:00', '06:05', '00:00', '00:00'),
(532, 16, 8, '2017-09-23', 0, '2017-09-23 01:00:00', '2017-09-23 04:05:00', '1', '00:00', '03:05', '00:00', '00:00'),
(533, 16, 8, '2017-09-24', 0, '2017-09-24 01:00:00', '2017-09-24 04:05:00', '1', '00:00', '03:05', '03:05', '00:00'),
(534, 28, 8, '2017-09-25', 0, '2017-09-25 01:00:00', '2017-09-25 04:05:00', '1', '00:00', '03:05', '00:00', '00:00'),
(535, 28, 8, '2017-09-26', 0, '2017-09-26 01:00:00', '2017-09-26 04:05:00', '0', '00:00', '03:05', '00:00', '00:00'),
(536, 16, 8, '2017-09-27', 0, '2017-09-27 01:00:00', '2017-09-27 04:05:00', '1', '00:00', '03:05', '00:00', '00:00'),
(537, 16, 8, '2017-09-28', 0, '2017-09-28 01:00:00', '2017-09-28 04:05:00', '1', '00:00', '03:05', '00:00', '00:00'),
(538, 16, 8, '2017-09-29', 0, '2017-09-29 01:00:00', '2017-09-29 04:05:00', '1', '00:00', '03:05', '00:00', '00:00'),
(539, 16, 8, '2017-09-30', 0, '2017-09-30 01:00:00', '2017-09-30 04:05:00', '1', '00:00', '03:05', '00:00', '00:00'),
(540, 16, 8, '2017-09-15', 0, '2017-09-15 01:00:00', '2017-09-15 04:05:00', '1', '00:00', '03:05', '00:00', '00:00'),
(541, 22, 10, '2017-09-01', 1, '2017-09-01 08:15:00', '2017-09-01 18:15:00', '1', '10:00', '00:00', '00:00', '00:00'),
(542, 6, 10, '2017-09-02', 1, '2017-09-02 08:15:00', '2017-09-02 18:15:00', '1', '10:00', '00:00', '00:00', '00:00'),
(543, 22, 10, '2017-09-03', 1, '2017-09-03 08:15:00', '2017-09-03 18:15:00', '0', '10:00', '00:00', '10:00', '00:00'),
(544, 15, 10, '2017-09-04', 1, '2017-09-04 08:15:00', '2017-09-04 18:15:00', '1', '10:00', '00:00', '00:00', '00:00'),
(545, 15, 10, '2017-09-05', 1, '2017-09-05 08:15:00', '2017-09-05 18:15:00', '1', '10:00', '00:00', '00:00', '00:00'),
(546, 15, 10, '2017-09-06', 1, '2017-09-06 08:15:00', '2017-09-06 18:15:00', '1', '10:00', '00:00', '00:00', '00:00'),
(547, 15, 10, '2017-09-07', 1, '2017-09-07 08:15:00', '2017-09-07 18:15:00', '1', '10:00', '00:00', '00:00', '00:00'),
(548, 15, 10, '2017-09-09', 1, '2017-09-09 08:15:00', '2017-09-09 18:15:00', '1', '10:00', '00:00', '00:00', '00:00'),
(549, 29, 4, '2017-09-01', 1, '2017-09-01 21:30:00', '2017-09-02 08:00:00', '1', '02:00', '08:30', '00:00', '00:00'),
(550, 29, 4, '2017-09-02', 1, '2017-09-02 20:00:00', '2017-09-03 08:00:00', '1', '03:00', '09:00', '08:00', '00:00'),
(551, 29, 4, '2017-09-03', 1, '2017-09-03 20:00:00', '2017-09-04 05:00:00', '1', '01:00', '08:00', '04:00', '00:00'),
(552, 29, 4, '2017-09-08', 1, '2017-09-08 21:30:00', '2017-09-09 08:00:00', '1', '02:00', '08:30', '00:00', '00:00'),
(553, 29, 4, '2017-09-09', 1, '2017-09-09 20:00:00', '2017-09-10 08:00:00', '1', '03:00', '09:00', '08:00', '00:00'),
(554, 29, 4, '2017-09-10', 1, '2017-09-10 20:00:00', '2017-09-11 05:00:00', '1', '01:00', '08:00', '04:00', '00:00'),
(555, 29, 4, '2017-09-15', 1, '2017-09-15 18:00:00', '2017-09-16 08:00:00', '1', '05:00', '09:00', '00:00', '00:00'),
(556, 29, 4, '2017-09-16', 1, '2017-09-16 20:00:00', '2017-09-17 08:00:00', '1', '03:00', '09:00', '08:00', '00:00'),
(557, 29, 4, '2017-09-17', 1, '2017-09-17 20:00:00', '2017-09-18 05:00:00', '1', '01:00', '08:00', '04:00', '00:00'),
(558, 29, 4, '2017-09-22', 1, '2017-09-22 21:30:00', '2017-09-23 08:00:00', '1', '02:00', '08:30', '00:00', '00:00'),
(559, 29, 4, '2017-09-23', 1, '2017-09-23 20:00:00', '2017-09-24 08:00:00', '1', '03:00', '09:00', '08:00', '00:00'),
(560, 29, 4, '2017-09-24', 1, '2017-09-24 20:00:00', '2017-09-25 05:00:00', '1', '01:00', '08:00', '04:00', '00:00'),
(561, 29, 4, '2017-09-29', 1, '2017-09-29 21:30:00', '2017-09-30 08:00:00', '1', '02:00', '08:30', '00:00', '00:00'),
(562, 20, 4, '2017-09-30', 1, '2017-09-30 08:00:00', '2017-09-30 20:00:00', '1', '12:00', '00:00', '00:00', '00:00'),
(563, 30, 4, '2017-09-04', 1, '2017-09-04 21:30:00', '2017-09-05 05:00:00', '1', '00:00', '07:30', '00:00', '00:00'),
(564, 30, 4, '2017-09-05', 1, '2017-09-05 21:00:00', '2017-09-06 05:00:00', '1', '00:00', '08:00', '00:00', '00:00'),
(565, 30, 4, '2017-09-06', 1, '2017-09-06 21:00:00', '2017-09-07 05:00:00', '1', '00:00', '08:00', '00:00', '00:00'),
(566, 30, 4, '2017-09-07', 1, '2017-09-07 21:00:00', '2017-09-28 05:00:00', '0', '00:00', '488:00', '00:00', '00:00'),
(567, 30, 4, '2017-09-11', 1, '2017-09-11 21:00:00', '2017-09-12 05:00:00', '1', '00:00', '08:00', '00:00', '00:00'),
(568, 30, 4, '2017-09-07', 1, '2017-09-07 21:30:00', '2017-09-08 05:00:00', '1', '00:00', '07:30', '00:00', '00:00'),
(569, 30, 4, '2017-09-12', 1, '2017-09-12 21:30:00', '2017-09-13 05:00:00', '1', '00:00', '07:30', '00:00', '00:00'),
(570, 30, 4, '2017-09-13', 1, '2017-09-13 21:30:00', '2017-09-14 05:00:00', '1', '00:00', '07:30', '00:00', '00:00'),
(571, 30, 4, '2017-09-14', 1, '2017-09-14 21:30:00', '2017-09-15 05:00:00', '1', '00:00', '07:30', '00:00', '00:00'),
(572, 30, 4, '2017-09-18', 1, '2017-09-18 21:30:00', '2017-09-19 05:00:00', '1', '00:00', '07:30', '00:00', '00:00'),
(573, 30, 4, '2017-09-19', 1, '2017-09-19 21:30:00', '2017-09-20 05:00:00', '1', '00:00', '07:30', '00:00', '00:00'),
(574, 30, 4, '2017-09-20', 1, '2017-09-20 21:30:00', '2017-09-21 05:00:00', '1', '00:00', '07:30', '00:00', '00:00'),
(575, 30, 4, '2017-09-23', 1, '2017-09-23 08:00:00', '2017-09-23 20:00:00', '1', '12:00', '00:00', '00:00', '00:00'),
(576, 30, 4, '2017-09-25', 1, '2017-09-25 21:30:00', '2017-09-26 05:00:00', '1', '00:00', '07:30', '00:00', '00:00'),
(577, 30, 4, '2017-09-26', 1, '2017-09-26 21:30:00', '2017-09-27 05:00:00', '1', '00:00', '07:30', '00:00', '00:00'),
(578, 30, 4, '2017-09-27', 1, '2017-09-27 21:30:00', '2017-09-28 05:00:00', '1', '00:00', '07:30', '00:00', '00:00'),
(579, 30, 4, '2017-09-28', 1, '2017-09-28 21:30:00', '2017-09-29 05:00:00', '1', '00:00', '07:30', '00:00', '00:00'),
(580, 30, 1, '2017-09-17', 1, '2017-09-17 07:40:00', '2017-09-17 19:15:00', '1', '11:35', '00:00', '11:35', '00:00'),
(581, 15, 1, '2017-09-16', 1, '2017-09-16 19:15:00', '2017-09-17 05:15:00', '0', '01:45', '08:15', '05:15', '00:00'),
(582, 15, 9, '2017-09-18', 1, '2017-09-18 00:45:00', '2017-09-19 04:15:00', '0', '15:00', '12:30', '00:00', '00:00'),
(583, 15, 15, '2017-09-02', 1, '2017-09-02 16:00:00', '2017-09-03 17:00:00', '0', '16:00', '09:00', '17:00', '00:00'),
(584, 15, 15, '2017-09-02', 0, '2017-09-02 16:00:00', '2017-09-02 17:00:00', '1', '01:00', '00:00', '00:00', '00:00'),
(585, 15, 9, '2017-09-18', 0, '2017-09-18 00:45:00', '2017-09-18 04:15:00', '1', '00:00', '03:30', '00:00', '00:00'),
(586, 15, 1, '2017-09-25', 1, '2017-09-25 19:45:00', '2017-09-26 05:15:00', '1', '01:15', '08:15', '00:00', '00:00'),
(587, 15, 10, '2017-09-08', 1, '2017-09-08 08:15:00', '2017-09-08 18:15:00', '1', '10:00', '00:00', '00:00', '00:00'),
(588, 24, 9, '2017-09-01', 0, '2017-09-01 00:45:00', '2017-09-01 04:15:00', '1', '00:00', '03:30', '00:00', '00:00'),
(589, 24, 9, '2017-09-02', 0, '2017-09-02 00:45:00', '2017-09-02 04:15:00', '1', '00:00', '03:30', '00:00', '00:00'),
(590, 24, 9, '2017-09-03', 0, '2017-09-03 00:45:00', '2017-09-03 04:15:00', '1', '00:00', '03:30', '03:30', '00:00'),
(591, 24, 9, '2017-09-04', 0, '2017-09-04 00:45:00', '2017-09-04 04:15:00', '1', '00:00', '03:30', '00:00', '00:00'),
(592, 24, 9, '2017-09-05', 0, '2017-09-05 00:45:00', '2017-09-05 04:15:00', '1', '00:00', '03:30', '00:00', '00:00'),
(593, 24, 9, '2017-09-06', 0, '2017-09-06 00:45:00', '2017-09-06 04:15:00', '1', '00:00', '03:30', '00:00', '00:00'),
(594, 24, 9, '2017-09-07', 0, '2017-09-07 00:45:00', '2017-09-07 04:15:00', '1', '00:00', '03:30', '00:00', '00:00'),
(595, 24, 9, '2017-09-08', 0, '2017-09-08 00:45:00', '2017-09-08 04:15:00', '1', '00:00', '03:30', '00:00', '00:00'),
(596, 24, 9, '2017-09-09', 0, '2017-09-09 00:45:00', '2017-09-09 04:15:00', '1', '00:00', '03:30', '00:00', '00:00'),
(597, 24, 9, '2017-09-10', 0, '2017-09-10 00:45:00', '2017-09-10 04:15:00', '1', '00:00', '03:30', '03:30', '00:00'),
(598, 24, 9, '2017-09-11', 0, '2017-09-11 00:45:00', '2017-09-11 04:15:00', '0', '00:00', '03:30', '00:00', '00:00'),
(599, 24, 9, '2017-09-13', 0, '2017-09-13 00:45:00', '2017-09-13 04:15:00', '1', '00:00', '03:30', '00:00', '00:00'),
(600, 24, 9, '2017-09-14', 0, '2017-09-14 00:45:00', '2017-09-14 04:15:00', '1', '00:00', '03:30', '00:00', '00:00'),
(601, 24, 9, '2017-09-15', 0, '2017-09-15 00:45:00', '2017-09-15 04:15:00', '1', '00:00', '03:30', '00:00', '00:00'),
(602, 24, 9, '2017-09-16', 0, '2017-09-16 00:45:00', '2017-09-16 04:15:00', '1', '00:00', '03:30', '00:00', '00:00'),
(603, 28, 2, '2017-09-13', 1, '2017-09-13 20:00:00', '2017-09-14 08:00:00', '1', '03:00', '09:00', '00:00', '00:00'),
(604, 28, 2, '2017-09-14', 1, '2017-09-14 20:00:00', '2017-09-15 08:00:00', '1', '03:00', '09:00', '00:00', '00:00'),
(605, 28, 2, '2017-09-15', 1, '2017-09-15 20:00:00', '2017-09-16 08:00:00', '1', '03:00', '09:00', '00:00', '00:00'),
(606, 28, 2, '2017-09-16', 1, '2017-09-16 20:00:00', '2017-09-17 08:00:00', '1', '03:00', '09:00', '08:00', '00:00'),
(607, 28, 2, '2017-09-20', 1, '2017-09-20 20:00:00', '2017-09-21 08:00:00', '1', '03:00', '09:00', '00:00', '00:00'),
(608, 28, 2, '2017-09-21', 1, '2017-09-21 20:00:00', '2017-09-22 08:00:00', '1', '03:00', '09:00', '00:00', '00:00'),
(609, 28, 2, '2017-09-22', 1, '2017-09-22 20:00:00', '2017-09-23 08:00:00', '1', '03:00', '09:00', '00:00', '00:00'),
(610, 28, 2, '2017-09-23', 1, '2017-09-23 20:00:00', '2017-09-24 08:00:00', '1', '03:00', '09:00', '08:00', '00:00'),
(611, 28, 2, '2017-09-27', 1, '2017-09-27 20:00:00', '2017-09-28 08:00:00', '1', '03:00', '09:00', '00:00', '00:00'),
(612, 25, 16, '2017-09-01', 0, '2017-09-01 21:00:00', '2017-09-01 23:00:00', '0', '00:00', '02:00', '00:00', '00:00'),
(613, 25, 16, '2017-09-02', 0, '2017-09-02 22:00:00', '2017-09-02 23:00:00', '0', '00:00', '01:00', '00:00', '00:00'),
(614, 25, 16, '2017-09-06', 0, '2017-09-06 22:00:00', '2017-09-06 23:00:00', '0', '00:00', '01:00', '00:00', '00:00'),
(615, 25, 16, '2017-09-07', 0, '2017-09-07 22:00:00', '2017-09-07 23:00:00', '0', '00:00', '01:00', '00:00', '00:00'),
(616, 25, 16, '2017-09-08', 0, '2017-09-08 22:00:00', '2017-09-08 23:00:00', '0', '00:00', '01:00', '00:00', '00:00'),
(617, 25, 16, '2017-09-09', 0, '2017-09-09 22:00:00', '2017-09-09 23:00:00', '0', '00:00', '01:00', '00:00', '00:00'),
(618, 25, 16, '2017-09-12', 0, '2017-09-12 22:00:00', '2017-09-12 23:00:00', '1', '00:00', '01:00', '00:00', '00:00'),
(619, 4, 4, '2017-09-02', 1, '2017-09-02 08:00:00', '2017-09-02 20:00:00', '1', '12:00', '00:00', '00:00', '00:00'),
(620, 4, 4, '2017-09-03', 1, '2017-09-03 08:00:00', '2017-09-03 20:00:00', '1', '12:00', '00:00', '12:00', '00:00'),
(621, 20, 4, '2017-09-09', 1, '2017-09-09 08:00:00', '2017-09-09 20:00:00', '1', '12:00', '00:00', '00:00', '00:00'),
(622, 20, 4, '2017-09-10', 1, '2017-09-10 08:00:00', '2017-09-10 20:00:00', '1', '12:00', '00:00', '12:00', '00:00'),
(623, 20, 4, '2017-09-16', 1, '2017-09-16 08:00:00', '2017-09-16 20:00:00', '1', '12:00', '00:00', '00:00', '00:00'),
(624, 4, 4, '2017-09-17', 1, '2017-09-17 08:00:00', '2017-09-17 20:00:00', '1', '12:00', '00:00', '12:00', '00:00'),
(625, 20, 4, '2017-09-24', 1, '2017-09-24 08:00:00', '2017-09-24 20:00:00', '1', '12:00', '00:00', '12:00', '00:00'),
(626, 16, 8, '2017-09-20', 0, '2017-09-20 01:00:00', '2017-09-20 05:00:00', '1', '00:00', '04:00', '00:00', '00:00'),
(627, 16, 8, '2017-09-26', 0, '2017-09-26 01:00:00', '2017-09-26 04:05:00', '0', '00:00', '03:05', '00:00', '00:00'),
(628, 16, 8, '2017-09-26', 0, '2017-09-26 01:00:00', '2017-09-26 04:05:00', '1', '00:00', '03:05', '00:00', '00:00'),
(629, 16, 8, '2017-09-12', 0, '2017-09-12 21:55:00', '2017-09-13 04:05:00', '0', '00:00', '04:10', '00:00', '00:00'),
(630, 30, 4, '2017-09-21', 1, '2017-09-21 21:30:00', '2017-09-22 05:00:00', '1', '00:00', '07:30', '00:00', '00:00'),
(631, 16, 8, '2017-09-12', 1, '2017-09-12 21:55:00', '2017-09-13 04:05:00', '1', '00:00', '06:10', '00:00', '00:00'),
(632, 29, 4, '2017-09-30', 1, '2017-09-30 20:00:00', '2017-10-01 08:00:00', '1', '03:00', '09:00', '08:00', '00:00'),
(633, 25, 16, '2017-09-11', 0, '2017-09-11 22:00:00', '2017-09-11 23:00:00', '0', '00:00', '01:00', '00:00', '00:00'),
(634, 25, 16, '2017-09-13', 0, '2017-09-13 22:00:00', '2017-09-13 23:00:00', '1', '00:00', '01:00', '00:00', '00:00'),
(635, 25, 16, '2017-09-11', 0, '2017-09-11 22:00:00', '2017-09-11 23:00:00', '1', '00:00', '01:00', '00:00', '00:00'),
(636, 5, 5, '2017-09-07', 1, '2017-09-07 18:30:00', '2017-09-08 06:30:00', '1', '03:00', '09:00', '00:00', '00:00'),
(637, 5, 5, '2017-09-08', 1, '2017-09-08 18:30:00', '2017-09-09 06:30:00', '1', '03:00', '09:00', '00:00', '00:00'),
(638, 5, 5, '2017-09-11', 1, '2017-09-11 18:30:00', '2017-09-12 06:30:00', '1', '03:00', '09:00', '00:00', '00:00'),
(639, 5, 5, '2017-09-14', 1, '2017-09-14 18:30:00', '2017-09-15 06:30:00', '1', '03:00', '09:00', '00:00', '00:00'),
(640, 5, 5, '2017-09-15', 1, '2017-09-15 18:30:00', '2017-09-16 06:30:00', '1', '03:00', '09:00', '00:00', '00:00'),
(641, 5, 5, '2017-09-17', 1, '2017-09-17 06:30:00', '2017-09-17 18:30:00', '1', '12:00', '00:00', '12:00', '00:00'),
(642, 5, 5, '2017-09-18', 1, '2017-09-18 18:30:00', '2017-09-19 06:30:00', '1', '03:00', '09:00', '00:00', '00:00'),
(643, 5, 5, '2017-09-21', 1, '2017-09-21 18:30:00', '2017-09-22 06:30:00', '1', '03:00', '09:00', '00:00', '00:00'),
(644, 5, 5, '2017-09-22', 1, '2017-09-22 18:30:00', '2017-09-23 06:30:00', '1', '03:00', '09:00', '00:00', '00:00'),
(645, 5, 5, '2017-09-28', 1, '2017-09-28 18:30:00', '2017-09-29 06:30:00', '1', '03:00', '09:00', '00:00', '00:00'),
(646, 5, 5, '2017-09-29', 1, '2017-09-29 18:30:00', '2017-09-30 06:30:00', '1', '03:00', '09:00', '00:00', '00:00'),
(647, 5, 2, '2017-09-09', 1, '2017-09-09 20:00:00', '2017-09-10 08:00:00', '1', '03:00', '09:00', '08:00', '00:00'),
(648, 5, 2, '2017-09-10', 1, '2017-09-10 20:00:00', '2017-09-11 08:00:00', '1', '03:00', '09:00', '04:00', '00:00'),
(649, 21, 2, '2017-09-11', 1, '2017-09-11 20:00:00', '2017-09-12 08:00:00', '1', '03:00', '09:00', '00:00', '00:00'),
(650, 21, 2, '2017-09-12', 1, '2017-09-12 20:00:00', '2017-09-13 08:00:00', '1', '03:00', '09:00', '00:00', '00:00'),
(651, 21, 2, '2017-09-16', 1, '2017-09-16 08:00:00', '2017-09-16 20:00:00', '1', '12:00', '00:00', '00:00', '00:00'),
(652, 21, 2, '2017-09-17', 1, '2017-09-17 20:00:00', '2017-09-18 08:00:00', '1', '03:00', '09:00', '04:00', '00:00'),
(653, 21, 2, '2017-09-18', 1, '2017-09-18 20:00:00', '2017-09-19 08:00:00', '1', '03:00', '09:00', '00:00', '00:00'),
(654, 21, 2, '2017-09-19', 0, '2017-09-19 20:00:00', '2017-09-20 01:00:00', '0', '01:00', '04:00', '00:00', '00:00'),
(655, 21, 2, '2017-09-23', 1, '2017-09-23 08:00:00', '2017-09-23 20:00:00', '1', '12:00', '00:00', '00:00', '00:00'),
(656, 21, 2, '2017-09-24', 1, '2017-09-24 20:00:00', '2017-09-25 08:00:00', '1', '03:00', '09:00', '04:00', '00:00'),
(657, 21, 2, '2017-09-25', 1, '2017-09-25 20:00:00', '2017-09-26 08:00:00', '1', '03:00', '09:00', '00:00', '00:00'),
(658, 21, 2, '2017-09-26', 1, '2017-09-26 20:00:00', '2017-09-27 08:00:00', '1', '03:00', '09:00', '00:00', '00:00'),
(659, 21, 2, '2017-09-19', 1, '2017-09-19 20:00:00', '2017-09-20 08:00:00', '1', '03:00', '09:00', '00:00', '00:00'),
(660, 10, 9, '2017-09-23', 1, '2017-09-23 00:45:00', '2017-09-24 04:15:00', '0', '15:00', '12:30', '04:15', '00:00'),
(661, 10, 9, '2017-09-24', 1, '2017-09-24 00:45:00', '2017-09-25 04:15:00', '0', '15:00', '12:30', '23:15', '00:00'),
(662, 10, 9, '2017-09-30', 0, '2017-09-30 00:45:00', '2017-09-30 04:15:00', '1', '00:00', '03:30', '00:00', '00:00'),
(663, 10, 9, '2017-09-23', 0, '2017-09-23 00:45:00', '2017-09-23 04:15:00', '1', '00:00', '03:30', '00:00', '00:00'),
(664, 10, 9, '2017-09-24', 0, '2017-09-24 00:45:00', '2017-09-24 04:15:00', '1', '00:00', '03:30', '03:30', '00:00'),
(665, 6, 9, '2017-09-17', 0, '2017-09-17 00:45:00', '2017-09-17 04:15:00', '1', '00:00', '03:30', '03:30', '00:00'),
(666, 6, 9, '2017-09-18', 0, '2017-09-18 00:45:00', '2017-09-18 04:15:00', '1', '00:00', '03:30', '00:00', '00:00'),
(667, 17, 20, '2017-09-01', 1, '2017-09-01 17:00:00', '2017-09-02 04:00:00', '1', '04:00', '07:00', '00:00', '00:00'),
(668, 17, 20, '2017-09-02', 1, '2017-09-02 17:00:00', '2017-09-03 04:00:00', '1', '04:00', '07:00', '04:00', '00:00'),
(669, 17, 20, '2017-09-03', 1, '2017-09-03 17:00:00', '2017-09-04 04:00:00', '1', '04:00', '07:00', '07:00', '00:00'),
(670, 17, 19, '2017-09-22', 0, '2017-09-22 09:00:00', '2017-09-22 13:00:00', '1', '04:00', '00:00', '00:00', '00:00'),
(671, 17, 19, '2017-09-22', 0, '2017-09-22 15:00:00', '2017-09-22 19:30:00', '1', '04:30', '00:00', '00:00', '00:00'),
(672, 17, 19, '2017-09-23', 0, '2017-09-23 09:00:00', '2017-09-23 13:00:00', '1', '04:00', '00:00', '00:00', '00:00'),
(673, 17, 19, '2017-09-23', 1, '2017-09-23 13:00:00', '2017-09-23 19:30:00', '0', '06:30', '00:00', '00:00', '00:00'),
(674, 17, 19, '2017-09-24', 0, '2017-09-24 09:30:00', '2017-09-24 12:30:00', '1', '03:00', '00:00', '03:00', '00:00'),
(675, 17, 19, '2017-09-23', 0, '2017-09-23 15:00:00', '2017-09-23 19:30:00', '1', '04:30', '00:00', '00:00', '00:00'),
(676, 1, 3, '2017-09-01', 1, '2017-09-01 00:30:00', '2017-09-01 08:00:00', '1', '02:00', '05:30', '00:00', '00:00'),
(677, 1, 3, '2017-09-29', 1, '2017-09-29 00:30:00', '2017-09-30 08:00:00', '1', '15:00', '16:30', '00:00', '00:00'),
(678, 1, 3, '2017-09-30', 1, '2017-09-30 20:00:00', '2017-10-01 08:00:00', '0', '03:00', '09:00', '08:00', '00:00'),
(679, 18, 2, '2017-09-28', 1, '2017-09-28 20:00:00', '2017-09-29 08:00:00', '1', '03:00', '09:00', '00:00', '00:00'),
(680, 18, 2, '2017-09-29', 1, '2017-09-29 20:00:00', '2017-09-30 08:00:00', '1', '03:00', '09:00', '00:00', '00:00'),
(681, 18, 2, '2017-09-30', 1, '2017-09-30 20:00:00', '2017-10-01 08:00:00', '1', '03:00', '09:00', '08:00', '00:00'),
(682, 20, 9, '2017-09-12', 0, '2017-09-12 00:45:00', '2017-09-12 04:15:00', '1', '-2:15', '05:15', '00:00', '00:00'),
(683, 20, 9, '2017-09-13', 0, '2017-09-13 00:45:00', '2017-09-13 04:15:00', '1', '-2:15', '05:15', '00:00', '00:00'),
(684, 31, 4, '2017-10-29', 1, '2017-10-29 20:00:00', '2017-10-30 05:00:00', '1', '01:00', '08:00', '04:00', '00:00'),
(685, 1, 3, '2017-09-30', 0, '2017-09-30 20:00:00', '2017-10-01 00:30:00', '1', '01:00', '03:30', '00:30', '00:00'),
(686, 27, 3, '2017-10-01', 1, '2017-10-01 00:30:00', '2017-10-01 08:45:00', '1', '02:45', '05:30', '08:15', '00:00'),
(687, 1, 4, '2017-10-01', 1, '2017-10-01 10:15:00', '2017-10-01 20:00:00', '1', '09:45', '00:00', '09:45', '00:00'),
(688, 29, 4, '2017-10-01', 0, '2017-10-01 08:00:00', '2017-10-01 10:15:00', '1', '02:15', '00:00', '02:15', '00:00'),
(689, 11, 3, '2017-09-17', 1, '2017-09-17 09:00:00', '2017-09-17 20:00:00', '1', '11:00', '00:00', '11:00', '00:00'),
(690, 23, 5, '2017-09-04', 1, '2017-09-04 06:30:00', '2017-09-04 18:30:00', '1', '12:00', '00:00', '00:00', '00:00'),
(691, 23, 5, '2017-09-05', 1, '2017-09-05 06:30:00', '2017-09-05 18:30:00', '1', '12:00', '00:00', '00:00', '00:00'),
(692, 23, 5, '2017-09-06', 1, '2017-09-06 06:30:00', '2017-09-06 18:30:00', '1', '12:00', '00:00', '00:00', '00:00'),
(693, 23, 5, '2017-09-25', 1, '2017-09-25 06:30:00', '2017-09-25 18:30:00', '1', '12:00', '00:00', '00:00', '00:00'),
(694, 23, 5, '2017-09-27', 1, '2017-09-27 06:30:00', '2017-09-27 18:30:00', '1', '12:00', '00:00', '00:00', '00:00'),
(695, 23, 5, '2017-09-01', 1, '2017-09-01 06:30:00', '2017-09-01 18:30:00', '1', '12:00', '00:00', '00:00', '00:00'),
(696, 23, 5, '2017-09-26', 1, '2017-09-26 06:30:00', '2017-09-26 18:30:00', '1', '12:00', '00:00', '00:00', '00:00'),
(697, 14, 5, '2017-09-02', 1, '2017-09-02 18:30:00', '2017-09-03 06:30:00', '1', '03:00', '09:00', '06:30', '00:00'),
(698, 14, 5, '2017-09-03', 1, '2017-09-03 18:30:00', '2017-09-04 06:30:00', '1', '03:00', '09:00', '05:30', '00:00'),
(699, 14, 5, '2017-09-04', 1, '2017-09-04 18:30:00', '2017-09-05 06:30:00', '1', '03:00', '09:00', '00:00', '00:00'),
(700, 14, 5, '2017-09-09', 1, '2017-09-09 18:30:00', '2017-09-10 06:30:00', '1', '03:00', '09:00', '06:30', '00:00'),
(701, 14, 5, '2017-09-10', 1, '2017-09-10 18:30:00', '2017-09-11 06:30:00', '1', '03:00', '09:00', '05:30', '00:00'),
(702, 14, 5, '2017-09-12', 1, '2017-09-12 06:30:00', '2017-09-12 18:30:00', '1', '12:00', '00:00', '00:00', '00:00'),
(703, 14, 5, '2017-09-16', 1, '2017-09-16 18:30:00', '2017-09-17 06:30:00', '1', '03:00', '09:00', '06:30', '00:00'),
(704, 14, 5, '2017-09-17', 1, '2017-09-17 18:30:00', '2017-09-18 06:30:00', '1', '03:00', '09:00', '05:30', '00:00'),
(705, 14, 5, '2017-09-19', 1, '2017-09-19 06:30:00', '2017-09-19 18:30:00', '1', '12:00', '00:00', '00:00', '00:00'),
(706, 14, 5, '2017-09-23', 1, '2017-09-23 18:30:00', '2017-09-24 06:30:00', '1', '03:00', '09:00', '06:30', '00:00'),
(707, 14, 5, '2017-09-24', 1, '2017-09-24 18:30:00', '2017-09-25 06:30:00', '1', '03:00', '09:00', '05:30', '00:00'),
(708, 14, 5, '2017-09-25', 1, '2017-09-25 18:30:00', '2017-09-26 06:30:00', '1', '03:00', '09:00', '00:00', '00:00'),
(709, 14, 5, '2017-09-26', 1, '2017-09-26 18:30:00', '2017-09-27 06:30:00', '1', '03:00', '09:00', '00:00', '00:00'),
(710, 14, 5, '2017-09-30', 1, '2017-09-30 18:30:00', '2017-10-01 06:30:00', '1', '03:00', '09:00', '06:30', '00:00'),
(711, 12, 5, '2017-09-02', 1, '2017-09-02 06:30:00', '2017-09-02 18:30:00', '1', '12:00', '00:00', '00:00', '00:00'),
(712, 12, 5, '2017-09-03', 1, '2017-09-03 06:30:00', '2017-09-03 18:30:00', '1', '12:00', '00:00', '12:00', '00:00'),
(713, 12, 5, '2017-09-06', 1, '2017-09-06 18:30:00', '2017-09-07 06:30:00', '1', '03:00', '09:00', '00:00', '00:00'),
(714, 12, 5, '2017-09-09', 1, '2017-09-09 06:30:00', '2017-09-09 18:30:00', '1', '12:00', '00:00', '00:00', '00:00'),
(715, 12, 5, '2017-09-10', 1, '2017-09-10 06:30:00', '2017-09-10 18:30:00', '1', '12:00', '00:00', '12:00', '00:00'),
(716, 12, 5, '2017-09-12', 1, '2017-09-12 18:30:00', '2017-09-13 06:30:00', '1', '03:00', '09:00', '00:00', '00:00'),
(717, 12, 5, '2017-09-13', 1, '2017-09-13 18:30:00', '2017-09-14 06:30:00', '1', '03:00', '09:00', '00:00', '00:00'),
(718, 12, 5, '2017-09-16', 1, '2017-09-16 06:30:00', '2017-09-16 18:30:00', '1', '12:00', '00:00', '00:00', '00:00'),
(719, 12, 5, '2017-09-19', 1, '2017-09-19 18:30:00', '2017-09-20 06:30:00', '1', '03:00', '09:00', '00:00', '00:00'),
(720, 12, 5, '2017-09-20', 1, '2017-09-20 18:30:00', '2017-09-21 06:30:00', '1', '03:00', '09:00', '00:00', '00:00'),
(721, 12, 5, '2017-09-23', 1, '2017-09-23 06:30:00', '2017-09-23 18:30:00', '1', '12:00', '00:00', '00:00', '00:00'),
(722, 12, 5, '2017-09-24', 1, '2017-09-24 06:30:00', '2017-09-24 18:30:00', '1', '12:00', '00:00', '12:00', '00:00'),
(723, 12, 5, '2017-09-27', 1, '2017-09-27 18:30:00', '2017-09-28 06:30:00', '1', '03:00', '09:00', '00:00', '00:00'),
(724, 12, 5, '2017-09-30', 1, '2017-09-30 06:30:00', '2017-09-30 18:30:00', '1', '12:00', '00:00', '00:00', '00:00'),
(725, 9, 2, '2017-09-11', 1, '2017-09-11 08:00:00', '2017-09-11 20:00:00', '1', '12:00', '00:00', '00:00', '00:00'),
(726, 9, 2, '2017-09-12', 1, '2017-09-12 08:00:00', '2017-09-12 20:00:00', '1', '12:00', '00:00', '00:00', '00:00'),
(727, 9, 2, '2017-09-13', 1, '2017-09-13 08:00:00', '2017-09-13 20:00:00', '1', '12:00', '00:00', '00:00', '00:00'),
(728, 9, 2, '2017-09-14', 1, '2017-09-14 08:00:00', '2017-09-14 20:00:00', '1', '12:00', '00:00', '00:00', '00:00'),
(729, 9, 2, '2017-09-15', 1, '2017-09-15 08:00:00', '2017-09-15 20:00:00', '1', '12:00', '00:00', '00:00', '00:00'),
(730, 9, 2, '2017-09-18', 1, '2017-09-18 08:00:00', '2017-09-18 20:00:00', '1', '12:00', '00:00', '00:00', '00:00'),
(731, 9, 2, '2017-09-19', 1, '2017-09-19 08:00:00', '2017-09-19 20:00:00', '1', '12:00', '00:00', '00:00', '00:00'),
(732, 9, 2, '2017-09-20', 1, '2017-09-20 08:00:00', '2017-09-20 20:00:00', '1', '12:00', '00:00', '00:00', '00:00'),
(733, 9, 2, '2017-09-21', 1, '2017-09-21 08:00:00', '2017-09-21 20:00:00', '1', '12:00', '00:00', '00:00', '00:00'),
(734, 9, 2, '2017-09-22', 1, '2017-09-22 08:00:00', '2017-09-22 20:00:00', '1', '12:00', '00:00', '00:00', '00:00'),
(735, 9, 2, '2017-09-25', 1, '2017-09-25 08:00:00', '2017-09-25 20:00:00', '1', '12:00', '00:00', '00:00', '00:00'),
(736, 9, 2, '2017-09-26', 1, '2017-09-26 08:00:00', '2017-09-26 20:00:00', '1', '12:00', '00:00', '00:00', '00:00'),
(737, 9, 2, '2017-09-27', 1, '2017-09-27 08:00:00', '2017-09-27 20:00:00', '1', '12:00', '00:00', '00:00', '00:00'),
(738, 9, 2, '2017-09-28', 1, '2017-09-28 08:00:00', '2017-09-28 20:00:00', '1', '12:00', '00:00', '00:00', '00:00'),
(739, 9, 2, '2017-09-29', 1, '2017-09-29 08:00:00', '2017-09-29 20:00:00', '1', '12:00', '00:00', '00:00', '00:00'),
(740, 2, 5, '2017-09-01', 1, '2017-09-01 18:30:00', '2017-09-02 06:30:00', '1', '03:00', '09:00', '00:00', '00:00'),
(741, 2, 5, '2017-09-05', 1, '2017-09-05 18:30:00', '2017-09-06 06:30:00', '1', '03:00', '09:00', '00:00', '00:00'),
(742, 2, 5, '2017-09-07', 1, '2017-09-07 06:30:00', '2017-09-07 18:30:00', '1', '12:00', '00:00', '00:00', '00:00'),
(743, 2, 5, '2017-09-08', 1, '2017-09-08 06:30:00', '2017-09-08 18:30:00', '1', '12:00', '00:00', '00:00', '00:00'),
(744, 2, 5, '2017-09-11', 1, '2017-09-11 06:30:00', '2017-09-11 18:30:00', '1', '12:00', '00:00', '00:00', '00:00'),
(745, 2, 5, '2017-09-13', 1, '2017-09-13 06:30:00', '2017-09-13 18:30:00', '1', '12:00', '00:00', '00:00', '00:00'),
(746, 2, 5, '2017-09-14', 1, '2017-09-14 06:30:00', '2017-09-14 18:30:00', '1', '12:00', '00:00', '00:00', '00:00'),
(747, 2, 5, '2017-09-15', 1, '2017-09-15 06:30:00', '2017-09-15 18:30:00', '1', '12:00', '00:00', '00:00', '00:00'),
(748, 2, 5, '2017-09-18', 1, '2017-09-18 06:30:00', '2017-09-18 18:30:00', '1', '12:00', '00:00', '00:00', '00:00'),
(749, 2, 5, '2017-09-20', 1, '2017-09-20 06:30:00', '2017-09-20 18:30:00', '1', '12:00', '00:00', '00:00', '00:00'),
(750, 2, 5, '2017-09-21', 1, '2017-09-21 06:30:00', '2017-09-21 18:30:00', '1', '12:00', '00:00', '00:00', '00:00'),
(751, 2, 5, '2017-09-22', 1, '2017-09-22 06:30:00', '2017-09-22 18:30:00', '1', '12:00', '00:00', '00:00', '00:00'),
(752, 2, 5, '2017-09-28', 1, '2017-09-28 06:30:00', '2017-09-28 18:30:00', '1', '12:00', '00:00', '00:00', '00:00'),
(753, 2, 5, '2017-09-29', 1, '2017-09-29 06:30:00', '2017-09-29 18:30:00', '1', '12:00', '00:00', '00:00', '00:00');

/*!40101 SET CHARACTER_SET_CLIENT=@OLD_CHARACTER_SET_CLIENT */;
/*!40101 SET CHARACTER_SET_RESULTS=@OLD_CHARACTER_SET_RESULTS */;
/*!40101 SET COLLATION_CONNECTION=@OLD_COLLATION_CONNECTION */;
